NUTS,year,news_count,fem,pop22_tot
DEF01,2017,11.0,0,96326.0
DEF02,2017,42.0,1,252668.0
DEF03,2017,25.0,2,216889.0
DEF04,2017,5.0,0,79809.0
DEF05,2017,,1,133460.0
DEF06,2017,5.0,1,206235.0
DEF07,2017,1.0,0,170029.0
DEF08,2017,1.0,0,201472.0
DEF09,2017,,2,325223.0
DEF0A,2017,1.0,0,130609.0
DEF0B,2017,2.0,1,278058.0
DEF0C,2017,4.0,1,205472.0
DEF0D,2017,13.0,1,283562.0
DEF0E,2017,3.0,0,132731.0
DEF0F,2017,11.0,0,246974.0
DE600,2017,105.0,3,1862565.0
DE911,2017,5.0,0,252962.0
DE912,2017,2.0,0,104970.0
DE913,2017,16.0,1,129560.0
DE914,2017,,0,175943.0
DE916,2017,,0,126775.0
DE917,2017,,0,90227.0
DE918,2017,4.0,1,125623.0
DE91A,2017,13.0,0,137045.0
DE91B,2017,22.0,0,118290.0
DE91C,2017,6.0,1,328028.0
DE929,2017,120.0,6,1140888.0
DE922,2017,3.0,2,221202.0
DE923,2017,1.0,1,150203.0
DE925,2017,15.0,0,267506.0
DE926,2017,,0,65581.0
DE927,2017,20.0,1,121468.0
DE928,2017,17.0,1,156841.0
DE931,2017,9.0,1,172449.0
DE932,2017,,1,198842.0
DE933,2017,14.0,0,265864.0
DE934,2017,,1,46502.0
DE935,2017,10.0,0,179448.0
DE936,2017,,1,113598.0
DE937,2017,8.0,1,165904.0
DE938,2017,2.0,0,141321.0
DE938,2017,2.0,4,141321.0
DE939,2017,4.0,3,207700.0
DE93A,2017,,1,91638.0
DE93B,2017,23.0,0,138626.0
DE941,2017,5.0,20,81406.0
DE942,2017,3.0,0,49202.0
DE943,2017,31.0,15,176614.0
DE944,2017,6.0,0,166057.0
DE945,2017,15.0,1,75745.0
DE946,2017,,0,127751.0
DE947,2017,38.0,2,188816.0
DE948,2017,,1,177025.0
DE949,2017,2.0,0,334539.0
DE94A,2017,20.0,2,100411.0
DE94B,2017,1.0,1,144543.0
DE94C,2017,19.0,2,169103.0
DE94D,2017,18.0,1,132008.0
DE94E,2017,5.0,0,354821.0
DE94F,2017,1.0,0,146539.0
DE94G,2017,,0,88936.0
DE94H,2017,,0,55969.0
DE501,2017,43.0,2,586271.0
DE502,2017,1.0,0,118610.0
DEA11,2017,80.0,3,618685.0
DEA12,2017,25.0,3,502270.0
DEA13,2017,12.0,3,574682.0
DEA14,2017,4.0,0,231406.0
DEA15,2017,38.0,1,267213.0
DEA16,2017,1.0,3,173050.0
DEA17,2017,,1,213646.0
DEA18,2017,,0,113828.0
DEA19,2017,25.0,0,165626.0
DEA1A,2017,44.0,2,358193.0
DEA1B,2017,,1,322018.0
DEA1C,2017,2.0,1,490910.0
DEA1D,2017,11.0,0,457077.0
DEA1E,2017,3.0,0,297857.0
DEA1F,2017,,0,457918.0
DEA22,2017,55.0,2,323336.0
DEA23,2017,29.0,1,1024621.0
DEA24,2017,1.0,0,168581.0
DEA2D,2017,26.0,4,582410.0
DEA26,2017,,2,279285.0
DEA27,2017,,1,477988.0
DEA28,2017,8.0,1,202609.0
DEA29,2017,,0,263681.0
DEA2A,2017,12.0,0,274057.0
DEA2B,2017,1.0,1,284273.0
DEA2C,2017,10.0,1,605441.0
DEA31,2017,,0,118535.0
DEA32,2017,25.0,4,267930.0
DEA33,2017,76.0,2,308258.0
DEA34,2017,43.0,1,380796.0
DEA35,2017,4.0,0,227859.0
DEA36,2017,7.0,2,621305.0
DEA37,2017,12.0,2,451712.0
DEA38,2017,17.0,2,282639.0
DEA41,2017,23.0,0,331605.0
DEA42,2017,,0,363982.0
DEA43,2017,,0,254404.0
DEA44,2017,5.0,2,139252.0
DEA45,2017,27.0,1,347149.0
DEA46,2017,25.0,2,320557.0
DEA47,2017,28.0,1,315912.0
DEA51,2017,13.0,2,358676.0
DEA52,2017,5.0,1,603462.0
DEA53,2017,12.0,0,190384.0
DEA54,2017,,0,179968.0
DEA55,2017,4.0,0,155851.0
DEA56,2017,4.0,1,314167.0
DEA57,2017,1.0,4,260843.0
DEA58,2017,,0,408046.0
DEA59,2017,,1,132346.0
DEA5A,2017,,1,274074.0
DEA5B,2017,,0,300297.0
DEA5C,2017,,2,393784.0
DE711,2017,39.0,0,167029.0
DE712,2017,65.0,5,756021.0
DE713,2017,83.0,1,132746.0
DE714,2017,37.0,0,288850.0
DE715,2017,21.0,0,274169.0
DE716,2017,20.0,1,302021.0
DE717,2017,3.0,1,268310.0
DE718,2017,7.0,3,241664.0
DE719,2017,16.0,0,420914.0
DE71A,2017,2.0,1,238775.0
DE71B,2017,,0,93846.0
DE71C,2017,11.0,3,358022.0
DE71D,2017,,0,185651.0
DE71E,2017,3.0,4,311593.0
DE721,2017,9.0,0,268418.0
DE722,2017,,1,254074.0
DE723,2017,1.0,0,173830.0
DE724,2017,9.0,2,242805.0
DE725,2017,,1,101163.0
DE731,2017,13.0,1,197230.0
DE732,2017,2.0,2,222283.0
DE733,2017,2.0,1,117414.0
DE734,2017,1.0,0,231073.0
DE735,2017,,0,180071.0
DE736,2017,,0,155126.0
DE737,2017,2.0,0,97695.0
DEB11,2017,,0,113378.0
DEB12,2017,1.0,1,129353.0
DEB13,2017,,0,132125.0
DEB14,2017,1.0,0,164748.0
DEB15,2017,4.0,0,82611.0
DEB1C,2017,3.0,0,61608.0
DEB17,2017,,0,217228.0
DEB18,2017,,1,189061.0
DEB1D,2017,,0,106705.0
DEB1A,2017,6.0,1,125588.0
DEB1B,2017,,0,207803.0
DEB21,2017,12.0,3,104342.0
DEB22,2017,1.0,1,113187.0
DEB23,2017,1.0,0,99788.0
DEB24,2017,,0,59313.0
DEB25,2017,1.0,0,148953.0
DEB31,2017,1.0,0,48140.0
DEB32,2017,1.0,0,100426.0
DEB33,2017,67.0,0,48209.0
DEB34,2017,47.0,1,177222.0
DEB35,2017,5.0,3,224684.0
DEB36,2017,32.0,0,52945.0
DEB37,2017,,0,39761.0
DEB38,2017,,0,49564.0
DEB39,2017,,0,86753.0
DEB3A,2017,,0,33323.0
DEB3B,2017,,0,131238.0
DEB3C,2017,,2,134329.0
DEB3D,2017,2.0,0,74783.0
DEB3E,2017,127.0,0,131383.0
DEB3F,2017,,0,106343.0
DEB3G,2017,1.0,0,69334.0
DEB3H,2017,,0,113031.0
DEB3I,2017,,0,155882.0
DEB3J,2017,2.0,3,206454.0
DEB3K,2017,,0,89974.0
DE111,2017,102.0,1,612663.0
DE112,2017,,0,395167.0
DE113,2017,25.0,4,536601.0
DE114,2017,1.0,3,258809.0
DE115,2017,74.0,4,535374.0
DE116,2017,29.0,0,440696.0
DE117,2017,27.0,1,131986.0
DE118,2017,22.0,2,353877.0
DE119,2017,,0,115644.0
DE11A,2017,1.0,0,200902.0
DE11B,2017,,1,133169.0
DE11C,2017,14.0,2,135235.0
DE11D,2017,23.0,1,317427.0
DE121,2017,,1,56881.0
DE122,2017,55.0,2,309050.0
DE123,2017,28.0,1,456264.0
DE124,2017,,0,230737.0
DE125,2017,22.0,3,155756.0
DE126,2017,19.0,1,318035.0
DE127,2017,8.0,1,145263.0
DE128,2017,,0,558561.0
DE129,2017,7.0,1,134912.0
DE12A,2017,10.0,1,161251.0
DE12B,2017,,0,199745.0
DE12C,2017,,0,121958.0
DE131,2017,421.0,2,237460.0
DE132,2017,,0,272558.0
DE133,2017,286.0,2,169787.0
DE134,2017,31.0,2,444858.0
DE135,2017,5.0,2,140237.0
DE136,2017,19.0,1,214065.0
DE137,2017,3.0,0,145208.0
DE138,2017,32.0,5,291841.0
DE139,2017,4.0,0,238263.0
DE13A,2017,,0,171579.0
DE141,2017,4.0,1,293483.0
DE142,2017,9.0,0,233546.0
DE143,2017,1.0,0,193326.0
DE144,2017,19.0,0,129882.0
DE145,2017,,0,202354.0
DE146,2017,3.0,1,207415.0
DE147,2017,6.0,0,220804.0
DE148,2017,9.0,1,291102.0
DE149,2017,3.0,2,132167.0
DE211,2017,17.0,0,141185.0
DE212,2017,124.0,4,1505005.0
DE213,2017,18.0,0,65274.0
DE214,2017,1.0,0,113938.0
DE215,2017,,0,105292.0
DE216,2017,8.0,0,130248.0
DE217,2017,1.0,0,153595.0
DE218,2017,,0,144225.0
DE219,2017,8.0,1,135668.0
DE21A,2017,4.0,0,140127.0
DE21B,2017,,0,184564.0
DE21C,2017,,0,218227.0
DE21D,2017,2.0,0,89296.0
DE21E,2017,5.0,0,122107.0
DE21F,2017,,2,97152.0
DE21G,2017,,0,122037.0
DE21H,2017,25.0,0,354396.0
DE21I,2017,,0,99364.0
DE21J,2017,,0,130781.0
DE21K,2017,50.0,2,258637.0
DE21L,2017,,0,139329.0
DE21M,2017,14.0,0,175144.0
DE21N,2017,6.0,1,138957.0
DE221,2017,12.0,0,71863.0
DE222,2017,26.0,0,53039.0
DE223,2017,,0,49002.0
DE224,2017,5.0,1,121844.0
DE225,2017,15.0,0,78710.0
DE226,2017,1.0,1,126037.0
DE227,2017,,0,162170.0
DE228,2017,8.0,1,194699.0
DE229,2017,,0,77267.0
DE22A,2017,6.0,2,120497.0
DE22B,2017,6.0,1,103041.0
DE22C,2017,1.0,1,101035.0
DE231,2017,2.0,0,42553.0
DE232,2017,45.0,2,151389.0
DE233,2017,8.0,0,42444.0
DE234,2017,1.0,0,103982.0
DE235,2017,1.0,0,128534.0
DE236,2017,5.0,0,138693.0
DE237,2017,,0,96049.0
DE238,2017,,1,196213.0
DE239,2017,6.0,1,149312.0
DE23A,2017,4.0,0,72210.0
DE241,2017,5.0,0,77150.0
DE242,2017,1.0,0,72940.0
DE243,2017,,0,41064.0
DE244,2017,7.0,0,46778.0
DE245,2017,,0,147777.0
DE246,2017,3.0,0,103215.0
DE247,2017,3.0,0,84468.0
DE248,2017,1.0,1,116184.0
DE249,2017,,0,92191.0
DE24A,2017,,0,64545.0
DE24B,2017,,0,71518.0
DE24C,2017,,0,67379.0
DE24D,2017,12.0,0,70549.0
DE251,2017,23.0,0,40742.0
DE252,2017,9.0,0,115928.0
DE253,2017,6.0,0,132036.0
DE254,2017,70.0,7,529508.0
DE255,2017,,0,40835.0
DE256,2017,13.0,1,187633.0
DE257,2017,3.0,0,138325.0
DE258,2017,1.0,0,117719.0
DE259,2017,1.0,0,168813.0
DE25A,2017,,0,101043.0
DE25B,2017,2.0,0,128632.0
DE25C,2017,4.0,0,94695.0
DE261,2017,7.0,0,73091.0
DE262,2017,5.0,0,54481.0
DE263,2017,3.0,2,133258.0
DE264,2017,3.0,0,170945.0
DE265,2017,1.0,0,103489.0
DE266,2017,,0,79375.0
DE267,2017,3.0,5,83869.0
DE268,2017,2.0,1,91287.0
DE269,2017,1.0,0,127547.0
DE26A,2017,2.0,2,125282.0
DE26B,2017,,0,113977.0
DE26C,2017,,0,162216.0
DE271,2017,24.0,1,301105.0
DE272,2017,,0,46193.0
DE273,2017,7.0,0,67645.0
DE274,2017,11.0,0,44192.0
DE275,2017,,0,136803.0
DE276,2017,15.0,2,262811.0
DE277,2017,,0,98899.0
DE278,2017,6.0,0,129846.0
DE279,2017,,1,183595.0
DE27A,2017,19.0,0,82411.0
DE27B,2017,,0,142047.0
DE27C,2017,10.0,0,147255.0
DE27D,2017,1.0,1,135098.0
DE27E,2017,,0,155413.0
DEC01,2017,14.0,0,333149.0
DEC02,2017,1.0,2,108779.0
DEC03,2017,3.0,0,133179.0
DEC04,2017,1.0,0,205129.0
DEC05,2017,2.0,1,144092.0
DEC06,2017,,0,87813.0
DE300,2017,290.0,17,3685265.0
DE401,2017,,0,74113.0
DE402,2017,23.0,1,95123.0
DE403,2017,1.0,0,57107.0
DE404,2017,6.0,2,184754.0
DE405,2017,19.0,1,194169.0
DE406,2017,23.0,1,178793.0
DE407,2017,,0,97967.0
DE408,2017,,1,170834.0
DE409,2017,,0,197817.0
DE40A,2017,6.0,1,217690.0
DE40B,2017,27.0,1,107793.0
DE40C,2017,1.0,2,179817.0
DE40D,2017,18.0,0,99152.0
DE40E,2017,23.0,1,221268.0
DE40F,2017,,0,75595.0
DE40G,2017,12.0,0,109635.0
DE40H,2017,,0,177688.0
DE40I,2017,,0,117432.0
DE803,2017,,1,205307.0
DE804,2017,2.0,0,98308.0
DE80J,2017,80.0,2,246318.0
DE80K,2017,,0,218721.0
DE80L,2017,12.0,1,215203.0
DE80M,2017,,0,156692.0
DE80N,2017,,0,224956.0
DE80O,2017,2.0,1,208092.0
DED41,2017,22.0,2,245618.0
DED42,2017,4.0,0,318394.0
DED43,2017,2.0,0,296431.0
DED44,2017,14.0,2,219100.0
DED45,2017,5.0,1,306793.0
DED21,2017,30.0,2,564904.0
DED2C,2017,4.0,3,292608.0
DED2D,2017,3.0,0,243958.0
DED2E,2017,,0,239221.0
DED2F,2017,1.0,0,243996.0
DED51,2017,37.0,4,611850.0
DED52,2017,,0,260127.0
DED53,2017,,0,199422.0
DEE01,2017,58.0,1,75402.0
DEE02,2017,40.0,1,226767.0
DEE03,2017,14.0,1,244329.0
DEE04,2017,,0,79980.0
DEE05,2017,,1,153035.0
DEE07,2017,6.0,0,167924.0
DEE08,2017,2.0,0,173684.0
DEE09,2017,,0,205484.0
DEE06,2017,,1,88509.0
DEE0A,2017,,0,129029.0
DEE0B,2017,,1,182451.0
DEE0C,2017,16.0,1,180771.0
DEE0D,2017,4.0,0,106538.0
DEE0E,2017,3.0,0,121694.0
DEG01,2017,11.0,0,218793.0
DEG02,2017,14.0,0,95608.0
DEG03,2017,5.0,0,109725.0
DEG0S,2017,,0,34685.0
DEG05,2017,,0,65954.0
,2017,,0,
DEG06,2017,,0,103694.0
DEG07,2017,14.0,3,80762.0
DEG0R,2017,,1,154957.0
DEG09,2017,2.0,0,94613.0
DEG0A,2017,,0,71738.0
DEG0Q,2017,,0,120214.0
DEG0C,2017,,1,135838.0
DEG0D,2017,,0,67693.0
DEG0E,2017,,2,59987.0
DEG0T,2017,,0,106657.0
DEG0G,2017,,0,82392.0
DEG0V,2017,,0,54964.0
DEG0U,2017,,1,100105.0
DEG0J,2017,,0,83342.0
DEG0K,2017,,0,77341.0
DEG0L,2017,,0,93707.0
DEG0M,2017,3.0,0,87508.0
DEF01,2018,146.0,0,96326.0
DEF02,2018,44.0,2,252668.0
DEF03,2018,38.0,1,216889.0
DEF04,2018,1.0,0,79809.0
DEF05,2018,,1,133460.0
DEF06,2018,1.0,1,206235.0
DEF07,2018,14.0,0,170029.0
DEF08,2018,43.0,3,201472.0
DEF09,2018,2.0,1,325223.0
DEF0A,2018,,0,130609.0
DEF0B,2018,54.0,0,278058.0
DEF0C,2018,1.0,1,205472.0
DEF0D,2018,12.0,1,283562.0
DEF0E,2018,1.0,0,132731.0
DEF0F,2018,19.0,0,246974.0
DE600,2018,165.0,13,1862565.0
DE911,2018,40.0,0,252962.0
DE912,2018,103.0,0,104970.0
DE913,2018,15.0,1,129560.0
DE914,2018,,0,175943.0
DE916,2018,1.0,0,126775.0
DE917,2018,5.0,0,90227.0
DE918,2018,9.0,1,125623.0
DE91A,2018,7.0,0,137045.0
DE91B,2018,1.0,1,118290.0
DE91C,2018,21.0,1,328028.0
DE929,2018,321.0,4,1140888.0
DE922,2018,1.0,0,221202.0
DE923,2018,1.0,0,150203.0
DE925,2018,83.0,2,267506.0
DE926,2018,23.0,1,65581.0
DE927,2018,,0,121468.0
DE928,2018,3.0,0,156841.0
DE931,2018,39.0,1,172449.0
DE932,2018,,0,198842.0
DE933,2018,11.0,2,265864.0
DE934,2018,,0,46502.0
DE935,2018,4.0,0,179448.0
DE936,2018,3.0,0,113598.0
DE937,2018,,0,165904.0
DE938,2018,1.0,0,141321.0
DE938,2018,1.0,0,141321.0
DE939,2018,46.0,1,207700.0
DE93A,2018,,0,91638.0
DE93B,2018,1.0,0,138626.0
DE941,2018,3.0,3,81406.0
DE942,2018,,0,49202.0
DE943,2018,19.0,0,176614.0
DE944,2018,71.0,1,166057.0
DE945,2018,,0,75745.0
DE946,2018,,0,127751.0
DE947,2018,9.0,1,188816.0
DE948,2018,12.0,1,177025.0
DE949,2018,6.0,1,334539.0
DE94A,2018,2.0,0,100411.0
DE94B,2018,,0,144543.0
DE94C,2018,,0,169103.0
DE94D,2018,1.0,0,132008.0
DE94E,2018,13.0,2,354821.0
DE94F,2018,1.0,0,146539.0
DE94G,2018,,0,88936.0
DE94H,2018,1.0,0,55969.0
DE501,2018,41.0,3,586271.0
DE502,2018,2.0,0,118610.0
DEA11,2018,472.0,4,618685.0
DEA12,2018,10.0,2,502270.0
DEA13,2018,33.0,5,574682.0
DEA14,2018,23.0,0,231406.0
DEA15,2018,56.0,1,267213.0
DEA16,2018,1.0,2,173050.0
DEA17,2018,1.0,2,213646.0
DEA18,2018,,0,113828.0
DEA19,2018,4.0,1,165626.0
DEA1A,2018,29.0,1,358193.0
DEA1B,2018,,0,322018.0
DEA1C,2018,1.0,0,490910.0
DEA1D,2018,1.0,0,457077.0
DEA1E,2018,234.0,2,297857.0
DEA1F,2018,9.0,1,457918.0
DEA22,2018,100.0,0,323336.0
DEA23,2018,40.0,3,1024621.0
DEA24,2018,,0,168581.0
DEA2D,2018,7.0,3,582410.0
DEA26,2018,,0,279285.0
DEA27,2018,6.0,1,477988.0
DEA28,2018,,0,202609.0
DEA29,2018,,0,263681.0
DEA2A,2018,1.0,2,274057.0
DEA2B,2018,5.0,2,284273.0
DEA2C,2018,108.0,1,605441.0
DEA31,2018,,0,118535.0
DEA32,2018,4.0,0,267930.0
DEA33,2018,28.0,2,308258.0
DEA34,2018,2.0,1,380796.0
DEA35,2018,3.0,0,227859.0
DEA36,2018,16.0,1,621305.0
DEA37,2018,30.0,0,451712.0
DEA38,2018,3.0,0,282639.0
DEA41,2018,36.0,0,331605.0
DEA42,2018,23.0,0,363982.0
DEA43,2018,,0,254404.0
DEA44,2018,3.0,0,139252.0
DEA45,2018,20.0,0,347149.0
DEA46,2018,21.0,0,320557.0
DEA47,2018,5.0,0,315912.0
DEA51,2018,1.0,2,358676.0
DEA52,2018,71.0,2,603462.0
DEA53,2018,12.0,1,190384.0
DEA54,2018,50.0,1,179968.0
DEA55,2018,2.0,0,155851.0
DEA56,2018,,1,314167.0
DEA57,2018,1.0,2,260843.0
DEA58,2018,19.0,1,408046.0
DEA59,2018,,0,132346.0
DEA5A,2018,,0,274074.0
DEA5B,2018,1.0,0,300297.0
DEA5C,2018,29.0,0,393784.0
DE711,2018,65.0,4,167029.0
DE712,2018,218.0,3,756021.0
DE713,2018,26.0,1,132746.0
DE714,2018,264.0,0,288850.0
DE715,2018,46.0,1,274169.0
DE716,2018,4.0,0,302021.0
DE717,2018,3.0,0,268310.0
DE718,2018,9.0,2,241664.0
DE719,2018,21.0,2,420914.0
DE71A,2018,16.0,2,238775.0
DE71B,2018,9.0,0,93846.0
DE71C,2018,13.0,1,358022.0
DE71D,2018,,0,185651.0
DE71E,2018,86.0,2,311593.0
DE721,2018,11.0,2,268418.0
DE722,2018,1.0,0,254074.0
DE723,2018,,0,173830.0
DE724,2018,,0,242805.0
DE725,2018,1.0,0,101163.0
DE731,2018,5.0,2,197230.0
DE732,2018,8.0,0,222283.0
DE733,2018,8.0,1,117414.0
DE734,2018,,0,231073.0
DE735,2018,,2,180071.0
DE736,2018,,0,155126.0
DE737,2018,,0,97695.0
DEB11,2018,2.0,1,113378.0
DEB12,2018,1.0,1,129353.0
DEB13,2018,,1,132125.0
DEB14,2018,5.0,0,164748.0
DEB15,2018,,0,82611.0
DEB1C,2018,2.0,1,61608.0
DEB17,2018,,0,217228.0
DEB18,2018,88.0,0,189061.0
DEB1D,2018,,0,106705.0
DEB1A,2018,,0,125588.0
DEB1B,2018,,1,207803.0
DEB21,2018,2.0,0,104342.0
DEB22,2018,2.0,1,113187.0
DEB23,2018,4.0,0,99788.0
DEB24,2018,,0,59313.0
DEB25,2018,,0,148953.0
DEB31,2018,18.0,0,48140.0
DEB32,2018,6.0,1,100426.0
DEB33,2018,88.0,0,48209.0
DEB34,2018,3.0,0,177222.0
DEB35,2018,220.0,1,224684.0
DEB36,2018,25.0,1,52945.0
DEB37,2018,,0,39761.0
DEB38,2018,2.0,0,49564.0
DEB39,2018,,0,86753.0
DEB3A,2018,1.0,0,33323.0
DEB3B,2018,,0,131238.0
DEB3C,2018,3.0,2,134329.0
DEB3D,2018,3.0,0,74783.0
DEB3E,2018,202.0,1,131383.0
DEB3F,2018,,0,106343.0
DEB3G,2018,,0,69334.0
DEB3H,2018,2.0,0,113031.0
DEB3I,2018,,0,155882.0
DEB3J,2018,,0,206454.0
DEB3K,2018,,0,89974.0
DE111,2018,56.0,3,612663.0
DE112,2018,26.0,3,395167.0
DE113,2018,14.0,1,536601.0
DE114,2018,,0,258809.0
DE115,2018,29.0,0,535374.0
DE116,2018,13.0,4,440696.0
DE117,2018,22.0,2,131986.0
DE118,2018,11.0,0,353877.0
DE119,2018,,1,115644.0
DE11A,2018,,0,200902.0
DE11B,2018,4.0,0,133169.0
DE11C,2018,,0,135235.0
DE11D,2018,18.0,1,317427.0
DE121,2018,12.0,0,56881.0
DE122,2018,90.0,0,309050.0
DE123,2018,8.0,1,456264.0
DE124,2018,8.0,1,230737.0
DE125,2018,50.0,2,155756.0
DE126,2018,20.0,1,318035.0
DE127,2018,7.0,0,145263.0
DE128,2018,7.0,1,558561.0
DE129,2018,3.0,0,134912.0
DE12A,2018,3.0,1,161251.0
DE12B,2018,11.0,1,199745.0
DE12C,2018,1.0,0,121958.0
DE131,2018,106.0,2,237460.0
DE132,2018,11.0,0,272558.0
DE133,2018,14.0,1,169787.0
DE134,2018,40.0,2,444858.0
DE135,2018,17.0,1,140237.0
DE136,2018,,0,214065.0
DE137,2018,3.0,0,145208.0
DE138,2018,26.0,1,291841.0
DE139,2018,1.0,0,238263.0
DE13A,2018,,0,171579.0
DE141,2018,16.0,2,293483.0
DE142,2018,2.0,2,233546.0
DE143,2018,50.0,4,193326.0
DE144,2018,16.0,0,129882.0
DE145,2018,21.0,0,202354.0
DE146,2018,14.0,0,207415.0
DE147,2018,11.0,0,220804.0
DE148,2018,10.0,0,291102.0
DE149,2018,10.0,1,132167.0
DE211,2018,12.0,1,141185.0
DE212,2018,294.0,9,1505005.0
DE213,2018,14.0,0,65274.0
DE214,2018,,0,113938.0
DE215,2018,,0,105292.0
DE216,2018,2.0,0,130248.0
DE217,2018,15.0,2,153595.0
DE218,2018,,0,144225.0
DE219,2018,1.0,0,135668.0
DE21A,2018,,0,140127.0
DE21B,2018,,0,184564.0
DE21C,2018,19.0,2,218227.0
DE21D,2018,,0,89296.0
DE21E,2018,1.0,0,122107.0
DE21F,2018,5.0,0,97152.0
DE21G,2018,1.0,0,122037.0
DE21H,2018,6.0,2,354396.0
DE21I,2018,,0,99364.0
DE21J,2018,,0,130781.0
DE21K,2018,22.0,1,258637.0
DE21L,2018,,0,139329.0
DE21M,2018,25.0,1,175144.0
DE21N,2018,4.0,0,138957.0
DE221,2018,9.0,0,71863.0
DE222,2018,8.0,0,53039.0
DE223,2018,2.0,0,49002.0
DE224,2018,,0,121844.0
DE225,2018,,0,78710.0
DE226,2018,,0,126037.0
DE227,2018,,3,162170.0
DE228,2018,4.0,0,194699.0
DE229,2018,,0,77267.0
DE22A,2018,7.0,0,120497.0
DE22B,2018,12.0,0,103041.0
DE22C,2018,,1,101035.0
DE231,2018,3.0,0,42553.0
DE232,2018,88.0,2,151389.0
DE233,2018,2.0,0,42444.0
DE234,2018,1.0,0,103982.0
DE235,2018,,0,128534.0
DE236,2018,3.0,2,138693.0
DE237,2018,,0,96049.0
DE238,2018,1.0,1,196213.0
DE239,2018,12.0,1,149312.0
DE23A,2018,,0,72210.0
DE241,2018,33.0,0,77150.0
DE242,2018,2.0,0,72940.0
DE243,2018,19.0,0,41064.0
DE244,2018,24.0,0,46778.0
DE245,2018,,1,147777.0
DE246,2018,,0,103215.0
DE247,2018,1.0,0,84468.0
DE248,2018,6.0,0,116184.0
DE249,2018,,0,92191.0
DE24A,2018,,0,64545.0
DE24B,2018,,0,71518.0
DE24C,2018,,1,67379.0
DE24D,2018,6.0,1,70549.0
DE251,2018,,0,40742.0
DE252,2018,,0,115928.0
DE253,2018,1.0,0,132036.0
DE254,2018,41.0,1,529508.0
DE255,2018,,0,40835.0
DE256,2018,,1,187633.0
DE257,2018,,0,138325.0
DE258,2018,,0,117719.0
DE259,2018,7.0,2,168813.0
DE25A,2018,1.0,1,101043.0
DE25B,2018,,1,128632.0
DE25C,2018,,2,94695.0
DE261,2018,23.0,0,73091.0
DE262,2018,1.0,0,54481.0
DE263,2018,4.0,0,133258.0
DE264,2018,5.0,0,170945.0
DE265,2018,,0,103489.0
DE266,2018,,0,79375.0
DE267,2018,,0,83869.0
DE268,2018,,0,91287.0
DE269,2018,8.0,0,127547.0
DE26A,2018,,1,125282.0
DE26B,2018,,0,113977.0
DE26C,2018,2.0,0,162216.0
DE271,2018,52.0,1,301105.0
DE272,2018,,0,46193.0
DE273,2018,38.0,1,67645.0
DE274,2018,20.0,0,44192.0
DE275,2018,,0,136803.0
DE276,2018,17.0,2,262811.0
DE277,2018,2.0,0,98899.0
DE278,2018,5.0,2,129846.0
DE279,2018,3.0,1,183595.0
DE27A,2018,52.0,1,82411.0
DE27B,2018,1.0,0,142047.0
DE27C,2018,8.0,0,147255.0
DE27D,2018,4.0,0,135098.0
DE27E,2018,1.0,0,155413.0
DEC01,2018,12.0,2,333149.0
DEC02,2018,,1,108779.0
DEC03,2018,8.0,2,133179.0
DEC04,2018,,1,205129.0
DEC05,2018,,0,144092.0
DEC06,2018,,0,87813.0
DE300,2018,636.0,72,3685265.0
DE401,2018,9.0,0,74113.0
DE402,2018,3.0,0,95123.0
DE403,2018,2.0,0,57107.0
DE404,2018,17.0,0,184754.0
DE405,2018,6.0,0,194169.0
DE406,2018,11.0,0,178793.0
DE407,2018,2.0,0,97967.0
DE408,2018,12.0,0,170834.0
DE409,2018,1.0,0,197817.0
DE40A,2018,,0,217690.0
DE40B,2018,,0,107793.0
DE40C,2018,1.0,1,179817.0
DE40D,2018,12.0,1,99152.0
DE40E,2018,,0,221268.0
DE40F,2018,,0,75595.0
DE40G,2018,7.0,1,109635.0
DE40H,2018,,0,177688.0
DE40I,2018,,1,117432.0
DE803,2018,27.0,0,205307.0
DE804,2018,13.0,1,98308.0
DE80J,2018,56.0,1,246318.0
DE80K,2018,20.0,0,218721.0
DE80L,2018,6.0,2,215203.0
DE80M,2018,,0,156692.0
DE80N,2018,11.0,0,224956.0
DE80O,2018,,0,208092.0
DED41,2018,22.0,1,245618.0
DED42,2018,10.0,1,318394.0
DED43,2018,65.0,1,296431.0
DED44,2018,,0,219100.0
DED45,2018,2.0,2,306793.0
DED21,2018,12.0,3,564904.0
DED2C,2018,11.0,0,292608.0
DED2D,2018,12.0,0,243958.0
DED2E,2018,1.0,0,239221.0
DED2F,2018,,0,243996.0
DED51,2018,43.0,3,611850.0
DED52,2018,,0,260127.0
DED53,2018,2.0,0,199422.0
DEE01,2018,47.0,0,75402.0
DEE02,2018,12.0,3,226767.0
DEE03,2018,23.0,5,244329.0
DEE04,2018,,0,79980.0
DEE05,2018,,0,153035.0
DEE07,2018,2.0,1,167924.0
DEE08,2018,3.0,1,173684.0
DEE09,2018,14.0,0,205484.0
DEE06,2018,,0,88509.0
DEE0A,2018,,1,129029.0
DEE0B,2018,5.0,1,182451.0
DEE0C,2018,16.0,4,180771.0
DEE0D,2018,,1,106538.0
DEE0E,2018,,0,121694.0
DEG01,2018,6.0,2,218793.0
DEG02,2018,5.0,0,95608.0
DEG03,2018,16.0,0,109725.0
DEG0S,2018,,0,34685.0
DEG05,2018,1.0,0,65954.0
,2018,,0,
DEG06,2018,,0,103694.0
DEG07,2018,16.0,0,80762.0
DEG0R,2018,,0,154957.0
DEG09,2018,21.0,2,94613.0
DEG0A,2018,,0,71738.0
DEG0Q,2018,,0,120214.0
DEG0C,2018,,0,135838.0
DEG0D,2018,,0,67693.0
DEG0E,2018,,0,59987.0
DEG0T,2018,,0,106657.0
DEG0G,2018,,0,82392.0
DEG0V,2018,,0,54964.0
DEG0U,2018,,0,100105.0
DEG0J,2018,1.0,0,83342.0
DEG0K,2018,,0,77341.0
DEG0L,2018,,0,93707.0
DEG0M,2018,,0,87508.0
DEF01,2019,63.0,3,96326.0
DEF02,2019,43.0,1,252668.0
DEF03,2019,128.0,1,216889.0
DEF04,2019,7.0,0,79809.0
DEF05,2019,,0,133460.0
DEF06,2019,1.0,0,206235.0
DEF07,2019,53.0,0,170029.0
DEF08,2019,91.0,1,201472.0
DEF09,2019,27.0,3,325223.0
DEF0A,2019,52.0,1,130609.0
DEF0B,2019,59.0,0,278058.0
DEF0C,2019,43.0,1,205472.0
DEF0D,2019,41.0,1,283562.0
DEF0E,2019,17.0,0,132731.0
DEF0F,2019,27.0,1,246974.0
DE600,2019,281.0,6,1862565.0
DE911,2019,49.0,0,252962.0
DE912,2019,15.0,1,104970.0
DE913,2019,26.0,4,129560.0
DE914,2019,,0,175943.0
DE916,2019,,0,126775.0
DE917,2019,6.0,0,90227.0
DE918,2019,13.0,0,125623.0
DE91A,2019,1.0,0,137045.0
DE91B,2019,,0,118290.0
DE91C,2019,674.0,6,328028.0
DE929,2019,473.0,2,1140888.0
DE922,2019,8.0,0,221202.0
DE923,2019,118.0,1,150203.0
DE925,2019,401.0,0,267506.0
DE926,2019,58.0,0,65581.0
DE927,2019,9.0,0,121468.0
DE928,2019,23.0,1,156841.0
DE931,2019,5.0,1,172449.0
DE932,2019,36.0,1,198842.0
DE933,2019,7.0,1,265864.0
DE934,2019,,0,46502.0
DE935,2019,8.0,2,179448.0
DE936,2019,1.0,0,113598.0
DE937,2019,1.0,0,165904.0
DE938,2019,,0,141321.0
DE938,2019,,0,141321.0
DE939,2019,93.0,1,207700.0
DE93A,2019,,0,91638.0
DE93B,2019,23.0,0,138626.0
DE941,2019,,0,81406.0
DE942,2019,,0,49202.0
DE943,2019,111.0,3,176614.0
DE944,2019,46.0,0,166057.0
DE945,2019,1.0,1,75745.0
DE946,2019,,0,127751.0
DE947,2019,13.0,2,188816.0
DE948,2019,13.0,3,177025.0
DE949,2019,32.0,0,334539.0
DE94A,2019,,0,100411.0
DE94B,2019,,1,144543.0
DE94C,2019,,0,169103.0
DE94D,2019,,0,132008.0
DE94E,2019,10.0,0,354821.0
DE94F,2019,3.0,0,146539.0
DE94G,2019,1.0,0,88936.0
DE94H,2019,4.0,0,55969.0
DE501,2019,120.0,2,586271.0
DE502,2019,3.0,0,118610.0
DEA11,2019,81.0,1,618685.0
DEA12,2019,213.0,2,502270.0
DEA13,2019,18.0,0,574682.0
DEA14,2019,15.0,1,231406.0
DEA15,2019,3.0,0,267213.0
DEA16,2019,4.0,0,173050.0
DEA17,2019,13.0,0,213646.0
DEA18,2019,1.0,0,113828.0
DEA19,2019,,0,165626.0
DEA1A,2019,9.0,2,358193.0
DEA1B,2019,6.0,0,322018.0
DEA1C,2019,1.0,2,490910.0
DEA1D,2019,26.0,0,457077.0
DEA1E,2019,1.0,0,297857.0
DEA1F,2019,279.0,5,457918.0
DEA22,2019,74.0,1,323336.0
DEA23,2019,100.0,5,1024621.0
DEA24,2019,,0,168581.0
DEA2D,2019,10.0,2,582410.0
DEA26,2019,,0,279285.0
DEA27,2019,19.0,2,477988.0
DEA28,2019,1.0,2,202609.0
DEA29,2019,1.0,0,263681.0
DEA2A,2019,27.0,1,274057.0
DEA2B,2019,27.0,0,284273.0
DEA2C,2019,73.0,3,605441.0
DEA31,2019,,0,118535.0
DEA32,2019,11.0,0,267930.0
DEA33,2019,82.0,0,308258.0
DEA34,2019,13.0,2,380796.0
DEA35,2019,5.0,0,227859.0
DEA36,2019,16.0,2,621305.0
DEA37,2019,43.0,0,451712.0
DEA38,2019,14.0,1,282639.0
DEA41,2019,64.0,2,331605.0
DEA42,2019,34.0,2,363982.0
DEA43,2019,20.0,1,254404.0
DEA44,2019,2.0,0,139252.0
DEA45,2019,3.0,0,347149.0
DEA46,2019,,0,320557.0
DEA47,2019,20.0,3,315912.0
DEA51,2019,11.0,0,358676.0
DEA52,2019,77.0,3,603462.0
DEA53,2019,47.0,1,190384.0
DEA54,2019,7.0,0,179968.0
DEA55,2019,,0,155851.0
DEA56,2019,,0,314167.0
DEA57,2019,,0,260843.0
DEA58,2019,50.0,3,408046.0
DEA59,2019,,0,132346.0
DEA5A,2019,1.0,0,274074.0
DEA5B,2019,4.0,0,300297.0
DEA5C,2019,43.0,5,393784.0
DE711,2019,130.0,3,167029.0
DE712,2019,407.0,8,756021.0
DE713,2019,167.0,2,132746.0
DE714,2019,133.0,1,288850.0
DE715,2019,11.0,0,274169.0
DE716,2019,23.0,0,302021.0
DE717,2019,8.0,3,268310.0
DE718,2019,5.0,0,241664.0
DE719,2019,57.0,2,420914.0
DE71A,2019,69.0,1,238775.0
DE71B,2019,1.0,0,93846.0
DE71C,2019,8.0,1,358022.0
DE71D,2019,57.0,1,185651.0
DE71E,2019,64.0,1,311593.0
DE721,2019,23.0,0,268418.0
DE722,2019,3.0,4,254074.0
DE723,2019,54.0,0,173830.0
DE724,2019,,0,242805.0
DE725,2019,,0,101163.0
DE731,2019,152.0,0,197230.0
DE732,2019,22.0,0,222283.0
DE733,2019,6.0,0,117414.0
DE734,2019,,1,231073.0
DE735,2019,14.0,2,180071.0
DE736,2019,1.0,0,155126.0
DE737,2019,,0,97695.0
DEB11,2019,6.0,0,113378.0
DEB12,2019,10.0,0,129353.0
DEB13,2019,,1,132125.0
DEB14,2019,22.0,0,164748.0
DEB15,2019,3.0,1,82611.0
DEB1C,2019,1.0,0,61608.0
DEB17,2019,48.0,0,217228.0
DEB18,2019,24.0,1,189061.0
DEB1D,2019,,0,106705.0
DEB1A,2019,2.0,0,125588.0
DEB1B,2019,16.0,0,207803.0
DEB21,2019,11.0,0,104342.0
DEB22,2019,12.0,0,113187.0
DEB23,2019,5.0,0,99788.0
DEB24,2019,,0,59313.0
DEB25,2019,,0,148953.0
DEB31,2019,30.0,0,48140.0
DEB32,2019,,0,100426.0
DEB33,2019,7.0,0,48209.0
DEB34,2019,6.0,0,177222.0
DEB35,2019,99.0,0,224684.0
DEB36,2019,1.0,0,52945.0
DEB37,2019,,1,39761.0
DEB38,2019,15.0,1,49564.0
DEB39,2019,68.0,1,86753.0
DEB3A,2019,5.0,0,33323.0
DEB3B,2019,,0,131238.0
DEB3C,2019,3.0,0,134329.0
DEB3D,2019,,0,74783.0
DEB3E,2019,13.0,0,131383.0
DEB3F,2019,,0,106343.0
DEB3G,2019,1.0,0,69334.0
DEB3H,2019,,1,113031.0
DEB3I,2019,16.0,1,155882.0
DEB3J,2019,6.0,0,206454.0
DEB3K,2019,,0,89974.0
DE111,2019,160.0,2,612663.0
DE112,2019,26.0,0,395167.0
DE113,2019,25.0,0,536601.0
DE114,2019,1.0,0,258809.0
DE115,2019,5.0,0,535374.0
DE116,2019,41.0,1,440696.0
DE117,2019,14.0,2,131986.0
DE118,2019,24.0,0,353877.0
DE119,2019,,0,115644.0
DE11A,2019,34.0,2,200902.0
DE11B,2019,,0,133169.0
DE11C,2019,,0,135235.0
DE11D,2019,81.0,2,317427.0
DE121,2019,10.0,0,56881.0
DE122,2019,84.0,0,309050.0
DE123,2019,2.0,0,456264.0
DE124,2019,18.0,1,230737.0
DE125,2019,18.0,2,155756.0
DE126,2019,129.0,1,318035.0
DE127,2019,,0,145263.0
DE128,2019,,2,558561.0
DE129,2019,57.0,2,134912.0
DE12A,2019,,0,161251.0
DE12B,2019,18.0,1,199745.0
DE12C,2019,1.0,0,121958.0
DE131,2019,102.0,0,237460.0
DE132,2019,50.0,1,272558.0
DE133,2019,3.0,0,169787.0
DE134,2019,91.0,3,444858.0
DE135,2019,16.0,1,140237.0
DE136,2019,,0,214065.0
DE137,2019,3.0,0,145208.0
DE138,2019,20.0,0,291841.0
DE139,2019,25.0,1,238263.0
DE13A,2019,1.0,0,171579.0
DE141,2019,5.0,0,293483.0
DE142,2019,4.0,0,233546.0
DE143,2019,4.0,0,193326.0
DE144,2019,32.0,0,129882.0
DE145,2019,16.0,1,202354.0
DE146,2019,2.0,1,207415.0
DE147,2019,21.0,0,220804.0
DE148,2019,33.0,0,291102.0
DE149,2019,11.0,2,132167.0
DE211,2019,32.0,1,141185.0
DE212,2019,240.0,1,1505005.0
DE213,2019,4.0,0,65274.0
DE214,2019,,1,113938.0
DE215,2019,,0,105292.0
DE216,2019,,0,130248.0
DE217,2019,15.0,0,153595.0
DE218,2019,1.0,0,144225.0
DE219,2019,25.0,0,135668.0
DE21A,2019,,1,140127.0
DE21B,2019,,0,184564.0
DE21C,2019,8.0,0,218227.0
DE21D,2019,,0,89296.0
DE21E,2019,2.0,0,122107.0
DE21F,2019,4.0,4,97152.0
DE21G,2019,,0,122037.0
DE21H,2019,1.0,0,354396.0
DE21I,2019,25.0,0,99364.0
DE21J,2019,20.0,0,130781.0
DE21K,2019,17.0,0,258637.0
DE21L,2019,19.0,0,139329.0
DE21M,2019,2.0,1,175144.0
DE21N,2019,,0,138957.0
DE221,2019,7.0,0,71863.0
DE222,2019,48.0,1,53039.0
DE223,2019,,0,49002.0
DE224,2019,,1,121844.0
DE225,2019,5.0,0,78710.0
DE226,2019,,0,126037.0
DE227,2019,,0,162170.0
DE228,2019,,1,194699.0
DE229,2019,,0,77267.0
DE22A,2019,,0,120497.0
DE22B,2019,,2,103041.0
DE22C,2019,,0,101035.0
DE231,2019,46.0,0,42553.0
DE232,2019,86.0,0,151389.0
DE233,2019,4.0,0,42444.0
DE234,2019,,0,103982.0
DE235,2019,1.0,0,128534.0
DE236,2019,3.0,0,138693.0
DE237,2019,11.0,1,96049.0
DE238,2019,2.0,0,196213.0
DE239,2019,,0,149312.0
DE23A,2019,,1,72210.0
DE241,2019,35.0,0,77150.0
DE242,2019,82.0,0,72940.0
DE243,2019,,1,41064.0
DE244,2019,,0,46778.0
DE245,2019,,0,147777.0
DE246,2019,5.0,1,103215.0
DE247,2019,,0,84468.0
DE248,2019,,0,116184.0
DE249,2019,,0,92191.0
DE24A,2019,,0,64545.0
DE24B,2019,,0,71518.0
DE24C,2019,,0,67379.0
DE24D,2019,,0,70549.0
DE251,2019,5.0,0,40742.0
DE252,2019,4.0,0,115928.0
DE253,2019,5.0,0,132036.0
DE254,2019,96.0,1,529508.0
DE255,2019,10.0,2,40835.0
DE256,2019,21.0,0,187633.0
DE257,2019,,0,138325.0
DE258,2019,2.0,0,117719.0
DE259,2019,4.0,0,168813.0
DE25A,2019,,0,101043.0
DE25B,2019,3.0,0,128632.0
DE25C,2019,,0,94695.0
DE261,2019,48.0,0,73091.0
DE262,2019,3.0,0,54481.0
DE263,2019,13.0,0,133258.0
DE264,2019,14.0,1,170945.0
DE265,2019,3.0,1,103489.0
DE266,2019,,0,79375.0
DE267,2019,1.0,0,83869.0
DE268,2019,,0,91287.0
DE269,2019,,0,127547.0
DE26A,2019,5.0,0,125282.0
DE26B,2019,2.0,0,113977.0
DE26C,2019,,0,162216.0
DE271,2019,45.0,0,301105.0
DE272,2019,,1,46193.0
DE273,2019,28.0,0,67645.0
DE274,2019,11.0,0,44192.0
DE275,2019,,0,136803.0
DE276,2019,15.0,0,262811.0
DE277,2019,,0,98899.0
DE278,2019,19.0,0,129846.0
DE279,2019,,0,183595.0
DE27A,2019,17.0,1,82411.0
DE27B,2019,1.0,0,142047.0
DE27C,2019,6.0,1,147255.0
DE27D,2019,4.0,0,135098.0
DE27E,2019,,0,155413.0
DEC01,2019,13.0,2,333149.0
DEC02,2019,,0,108779.0
DEC03,2019,33.0,1,133179.0
DEC04,2019,4.0,0,205129.0
DEC05,2019,12.0,0,144092.0
DEC06,2019,,0,87813.0
DE300,2019,347.0,17,3685265.0
DE401,2019,33.0,1,74113.0
DE402,2019,2.0,0,95123.0
DE403,2019,54.0,0,57107.0
DE404,2019,51.0,0,184754.0
DE405,2019,32.0,1,194169.0
DE406,2019,,0,178793.0
DE407,2019,,0,97967.0
DE408,2019,10.0,2,170834.0
DE409,2019,2.0,0,197817.0
DE40A,2019,,0,217690.0
DE40B,2019,,0,107793.0
DE40C,2019,4.0,0,179817.0
DE40D,2019,7.0,0,99152.0
DE40E,2019,37.0,2,221268.0
DE40F,2019,,0,75595.0
DE40G,2019,1.0,0,109635.0
DE40H,2019,4.0,1,177688.0
DE40I,2019,4.0,0,117432.0
DE803,2019,26.0,1,205307.0
DE804,2019,41.0,0,98308.0
DE80J,2019,54.0,0,246318.0
DE80K,2019,18.0,2,218721.0
DE80L,2019,215.0,3,215203.0
DE80M,2019,6.0,0,156692.0
DE80N,2019,277.0,2,224956.0
DE80O,2019,6.0,0,208092.0
DED41,2019,20.0,0,245618.0
DED42,2019,1.0,0,318394.0
DED43,2019,17.0,2,296431.0
DED44,2019,,0,219100.0
DED45,2019,34.0,1,306793.0
DED21,2019,112.0,4,564904.0
DED2C,2019,2.0,1,292608.0
DED2D,2019,7.0,1,243958.0
DED2E,2019,,0,239221.0
DED2F,2019,,0,243996.0
DED51,2019,68.0,0,611850.0
DED52,2019,,1,260127.0
DED53,2019,2.0,0,199422.0
DEE01,2019,2.0,1,75402.0
DEE02,2019,83.0,0,226767.0
DEE03,2019,37.0,0,244329.0
DEE04,2019,4.0,0,79980.0
DEE05,2019,2.0,0,153035.0
DEE07,2019,,1,167924.0
DEE08,2019,3.0,0,173684.0
DEE09,2019,2.0,1,205484.0
DEE06,2019,1.0,0,88509.0
DEE0A,2019,,0,129029.0
DEE0B,2019,9.0,1,182451.0
DEE0C,2019,42.0,1,180771.0
DEE0D,2019,6.0,0,106538.0
DEE0E,2019,,0,121694.0
DEG01,2019,27.0,1,218793.0
DEG02,2019,25.0,0,95608.0
DEG03,2019,24.0,1,109725.0
DEG0S,2019,,1,34685.0
DEG05,2019,,0,65954.0
,2019,,0,
DEG06,2019,,0,103694.0
DEG07,2019,,1,80762.0
DEG0R,2019,,1,154957.0
DEG09,2019,,0,94613.0
DEG0A,2019,,0,71738.0
DEG0Q,2019,,0,120214.0
DEG0C,2019,,0,135838.0
DEG0D,2019,1.0,0,67693.0
DEG0E,2019,,0,59987.0
DEG0T,2019,,0,106657.0
DEG0G,2019,,0,82392.0
DEG0V,2019,,0,54964.0
DEG0U,2019,,0,100105.0
DEG0J,2019,,0,83342.0
DEG0K,2019,,0,77341.0
DEG0L,2019,,0,93707.0
DEG0M,2019,,0,87508.0
DEF01,2020,71.0,0,96326.0
DEF02,2020,79.0,1,252668.0
DEF03,2020,23.0,0,216889.0
DEF04,2020,11.0,0,79809.0
DEF05,2020,,0,133460.0
DEF06,2020,16.0,0,206235.0
DEF07,2020,31.0,1,170029.0
DEF08,2020,5.0,0,201472.0
DEF09,2020,19.0,1,325223.0
DEF0A,2020,1.0,1,130609.0
DEF0B,2020,131.0,2,278058.0
DEF0C,2020,53.0,2,205472.0
DEF0D,2020,1.0,1,283562.0
DEF0E,2020,63.0,0,132731.0
DEF0F,2020,7.0,0,246974.0
DE600,2020,109.0,3,1862565.0
DE911,2020,39.0,1,252962.0
DE912,2020,3.0,2,104970.0
DE913,2020,6.0,0,129560.0
DE914,2020,2.0,0,175943.0
DE916,2020,11.0,0,126775.0
DE917,2020,76.0,0,90227.0
DE918,2020,16.0,2,125623.0
DE91A,2020,,0,137045.0
DE91B,2020,1.0,0,118290.0
DE91C,2020,148.0,3,328028.0
DE929,2020,184.0,4,1140888.0
DE922,2020,18.0,0,221202.0
DE923,2020,26.0,2,150203.0
DE925,2020,49.0,0,267506.0
DE926,2020,,1,65581.0
DE927,2020,171.0,0,121468.0
DE928,2020,14.0,0,156841.0
DE931,2020,13.0,0,172449.0
DE932,2020,50.0,0,198842.0
DE933,2020,14.0,1,265864.0
DE934,2020,,0,46502.0
DE935,2020,10.0,1,179448.0
DE936,2020,,0,113598.0
DE937,2020,15.0,3,165904.0
DE938,2020,7.0,3,141321.0
DE938,2020,7.0,0,141321.0
DE939,2020,12.0,1,207700.0
DE93A,2020,15.0,0,91638.0
DE93B,2020,150.0,1,138626.0
DE941,2020,,1,81406.0
DE942,2020,,0,49202.0
DE943,2020,36.0,1,176614.0
DE944,2020,31.0,1,166057.0
DE945,2020,,0,75745.0
DE946,2020,2.0,0,127751.0
DE947,2020,4.0,0,188816.0
DE948,2020,8.0,1,177025.0
DE949,2020,10.0,1,334539.0
DE94A,2020,,0,100411.0
DE94B,2020,,1,144543.0
DE94C,2020,,0,169103.0
DE94D,2020,12.0,1,132008.0
DE94E,2020,17.0,2,354821.0
DE94F,2020,,0,146539.0
DE94G,2020,,0,88936.0
DE94H,2020,3.0,0,55969.0
DE501,2020,38.0,5,586271.0
DE502,2020,46.0,2,118610.0
DEA11,2020,10.0,1,618685.0
DEA12,2020,70.0,0,502270.0
DEA13,2020,45.0,4,574682.0
DEA14,2020,40.0,1,231406.0
DEA15,2020,14.0,1,267213.0
DEA16,2020,,1,173050.0
DEA17,2020,1.0,0,213646.0
DEA18,2020,,1,113828.0
DEA19,2020,34.0,0,165626.0
DEA1A,2020,56.0,1,358193.0
DEA1B,2020,1.0,0,322018.0
DEA1C,2020,1.0,1,490910.0
DEA1D,2020,7.0,1,457077.0
DEA1E,2020,,1,297857.0
DEA1F,2020,89.0,2,457918.0
DEA22,2020,21.0,1,323336.0
DEA23,2020,53.0,2,1024621.0
DEA24,2020,20.0,1,168581.0
DEA2D,2020,10.0,2,582410.0
DEA26,2020,6.0,2,279285.0
DEA27,2020,8.0,1,477988.0
DEA28,2020,6.0,0,202609.0
DEA29,2020,6.0,1,263681.0
DEA2A,2020,7.0,1,274057.0
DEA2B,2020,12.0,2,284273.0
DEA2C,2020,11.0,1,605441.0
DEA31,2020,,0,118535.0
DEA32,2020,46.0,1,267930.0
DEA33,2020,51.0,2,308258.0
DEA34,2020,40.0,1,380796.0
DEA35,2020,4.0,0,227859.0
DEA36,2020,51.0,5,621305.0
DEA37,2020,5.0,2,451712.0
DEA38,2020,,0,282639.0
DEA41,2020,94.0,2,331605.0
DEA42,2020,13.0,1,363982.0
DEA43,2020,4.0,0,254404.0
DEA44,2020,,1,139252.0
DEA45,2020,4.0,1,347149.0
DEA46,2020,57.0,3,320557.0
DEA47,2020,21.0,0,315912.0
DEA51,2020,17.0,0,358676.0
DEA52,2020,41.0,4,603462.0
DEA53,2020,65.0,1,190384.0
DEA54,2020,9.0,0,179968.0
DEA55,2020,9.0,0,155851.0
DEA56,2020,2.0,0,314167.0
DEA57,2020,1.0,0,260843.0
DEA58,2020,36.0,0,408046.0
DEA59,2020,4.0,0,132346.0
DEA5A,2020,1.0,0,274074.0
DEA5B,2020,6.0,1,300297.0
DEA5C,2020,19.0,1,393784.0
DE711,2020,38.0,0,167029.0
DE712,2020,85.0,2,756021.0
DE713,2020,30.0,0,132746.0
DE714,2020,15.0,3,288850.0
DE715,2020,7.0,1,274169.0
DE716,2020,4.0,0,302021.0
DE717,2020,14.0,2,268310.0
DE718,2020,2.0,0,241664.0
DE719,2020,45.0,2,420914.0
DE71A,2020,28.0,0,238775.0
DE71B,2020,3.0,0,93846.0
DE71C,2020,11.0,1,358022.0
DE71D,2020,18.0,1,185651.0
DE71E,2020,13.0,2,311593.0
DE721,2020,14.0,1,268418.0
DE722,2020,8.0,0,254074.0
DE723,2020,7.0,1,173830.0
DE724,2020,2.0,0,242805.0
DE725,2020,17.0,1,101163.0
DE731,2020,5.0,0,197230.0
DE732,2020,32.0,1,222283.0
DE733,2020,5.0,0,117414.0
DE734,2020,,0,231073.0
DE735,2020,2.0,43,180071.0
DE736,2020,,0,155126.0
DE737,2020,,0,97695.0
DEB11,2020,12.0,0,113378.0
DEB12,2020,8.0,0,129353.0
DEB13,2020,1.0,1,132125.0
DEB14,2020,1.0,0,164748.0
DEB15,2020,2.0,0,82611.0
DEB1C,2020,,0,61608.0
DEB17,2020,31.0,0,217228.0
DEB18,2020,1.0,0,189061.0
DEB1D,2020,,1,106705.0
DEB1A,2020,,0,125588.0
DEB1B,2020,6.0,0,207803.0
DEB21,2020,7.0,0,104342.0
DEB22,2020,1.0,0,113187.0
DEB23,2020,,0,99788.0
DEB24,2020,,0,59313.0
DEB25,2020,2.0,1,148953.0
DEB31,2020,37.0,1,48140.0
DEB32,2020,33.0,1,100426.0
DEB33,2020,40.0,0,48209.0
DEB34,2020,21.0,1,177222.0
DEB35,2020,7.0,0,224684.0
DEB36,2020,4.0,0,52945.0
DEB37,2020,,0,39761.0
DEB38,2020,1.0,0,49564.0
DEB39,2020,,0,86753.0
DEB3A,2020,1.0,0,33323.0
DEB3B,2020,,0,131238.0
DEB3C,2020,,0,134329.0
DEB3D,2020,,0,74783.0
DEB3E,2020,28.0,1,131383.0
DEB3F,2020,2.0,0,106343.0
DEB3G,2020,3.0,1,69334.0
DEB3H,2020,25.0,1,113031.0
DEB3I,2020,18.0,1,155882.0
DEB3J,2020,2.0,0,206454.0
DEB3K,2020,,0,89974.0
DE111,2020,183.0,4,612663.0
DE112,2020,66.0,1,395167.0
DE113,2020,2.0,1,536601.0
DE114,2020,1.0,0,258809.0
DE115,2020,20.0,1,535374.0
DE116,2020,104.0,3,440696.0
DE117,2020,39.0,1,131986.0
DE118,2020,4.0,0,353877.0
DE119,2020,,0,115644.0
DE11A,2020,86.0,5,200902.0
DE11B,2020,25.0,1,133169.0
DE11C,2020,3.0,0,135235.0
DE11D,2020,47.0,1,317427.0
DE121,2020,21.0,0,56881.0
DE122,2020,31.0,0,309050.0
DE123,2020,,2,456264.0
DE124,2020,29.0,1,230737.0
DE125,2020,18.0,2,155756.0
DE126,2020,44.0,1,318035.0
DE127,2020,13.0,1,145263.0
DE128,2020,14.0,0,558561.0
DE129,2020,1.0,0,134912.0
DE12A,2020,,0,161251.0
DE12B,2020,,1,199745.0
DE12C,2020,,0,121958.0
DE131,2020,10.0,0,237460.0
DE132,2020,2.0,0,272558.0
DE133,2020,7.0,0,169787.0
DE134,2020,19.0,1,444858.0
DE135,2020,2.0,1,140237.0
DE136,2020,22.0,1,214065.0
DE137,2020,,0,145208.0
DE138,2020,13.0,0,291841.0
DE139,2020,1.0,0,238263.0
DE13A,2020,1.0,0,171579.0
DE141,2020,4.0,1,293483.0
DE142,2020,13.0,1,233546.0
DE143,2020,3.0,0,193326.0
DE144,2020,4.0,0,129882.0
DE145,2020,,2,202354.0
DE146,2020,11.0,1,207415.0
DE147,2020,3.0,0,220804.0
DE148,2020,12.0,0,291102.0
DE149,2020,1.0,0,132167.0
DE211,2020,23.0,2,141185.0
DE212,2020,80.0,6,1505005.0
DE213,2020,,1,65274.0
DE214,2020,3.0,1,113938.0
DE215,2020,6.0,0,105292.0
DE216,2020,8.0,0,130248.0
DE217,2020,1.0,0,153595.0
DE218,2020,,0,144225.0
DE219,2020,,0,135668.0
DE21A,2020,,0,140127.0
DE21B,2020,,0,184564.0
DE21C,2020,,0,218227.0
DE21D,2020,,0,89296.0
DE21E,2020,4.0,0,122107.0
DE21F,2020,2.0,1,97152.0
DE21G,2020,1.0,0,122037.0
DE21H,2020,3.0,2,354396.0
DE21I,2020,1.0,0,99364.0
DE21J,2020,19.0,2,130781.0
DE21K,2020,1.0,2,258637.0
DE21L,2020,13.0,1,139329.0
DE21M,2020,11.0,0,175144.0
DE21N,2020,,0,138957.0
DE221,2020,,2,71863.0
DE222,2020,1.0,0,53039.0
DE223,2020,4.0,0,49002.0
DE224,2020,50.0,0,121844.0
DE225,2020,,0,78710.0
DE226,2020,,0,126037.0
DE227,2020,,0,162170.0
DE228,2020,,1,194699.0
DE229,2020,,0,77267.0
DE22A,2020,,0,120497.0
DE22B,2020,,1,103041.0
DE22C,2020,,0,101035.0
DE231,2020,2.0,0,42553.0
DE232,2020,90.0,2,151389.0
DE233,2020,5.0,0,42444.0
DE234,2020,,0,103982.0
DE235,2020,,0,128534.0
DE236,2020,36.0,3,138693.0
DE237,2020,,1,96049.0
DE238,2020,1.0,0,196213.0
DE239,2020,3.0,0,149312.0
DE23A,2020,,1,72210.0
DE241,2020,3.0,0,77150.0
DE242,2020,14.0,1,72940.0
DE243,2020,,0,41064.0
DE244,2020,12.0,0,46778.0
DE245,2020,,0,147777.0
DE246,2020,7.0,0,103215.0
DE247,2020,,0,84468.0
DE248,2020,1.0,2,116184.0
DE249,2020,,1,92191.0
DE24A,2020,,0,64545.0
DE24B,2020,4.0,0,71518.0
DE24C,2020,,0,67379.0
DE24D,2020,13.0,0,70549.0
DE251,2020,8.0,0,40742.0
DE252,2020,5.0,0,115928.0
DE253,2020,1.0,0,132036.0
DE254,2020,53.0,1,529508.0
DE255,2020,16.0,1,40835.0
DE256,2020,3.0,1,187633.0
DE257,2020,3.0,1,138325.0
DE258,2020,,0,117719.0
DE259,2020,,0,168813.0
DE25A,2020,14.0,1,101043.0
DE25B,2020,2.0,0,128632.0
DE25C,2020,,0,94695.0
DE261,2020,59.0,1,73091.0
DE262,2020,32.0,0,54481.0
DE263,2020,69.0,1,133258.0
DE264,2020,10.0,1,170945.0
DE265,2020,19.0,0,103489.0
DE266,2020,,0,79375.0
DE267,2020,,0,83869.0
DE268,2020,,0,91287.0
DE269,2020,2.0,0,127547.0
DE26A,2020,29.0,1,125282.0
DE26B,2020,,1,113977.0
DE26C,2020,5.0,0,162216.0
DE271,2020,16.0,3,301105.0
DE272,2020,1.0,0,46193.0
DE273,2020,13.0,3,67645.0
DE274,2020,1.0,0,44192.0
DE275,2020,,0,136803.0
DE276,2020,7.0,0,262811.0
DE277,2020,,0,98899.0
DE278,2020,5.0,0,129846.0
DE279,2020,1.0,0,183595.0
DE27A,2020,13.0,1,82411.0
DE27B,2020,47.0,1,142047.0
DE27C,2020,5.0,1,147255.0
DE27D,2020,,1,135098.0
DE27E,2020,2.0,0,155413.0
DEC01,2020,34.0,3,333149.0
DEC02,2020,,0,108779.0
DEC03,2020,1.0,0,133179.0
DEC04,2020,13.0,0,205129.0
DEC05,2020,,1,144092.0
DEC06,2020,,0,87813.0
DE300,2020,238.0,20,3685265.0
DE401,2020,2.0,0,74113.0
DE402,2020,25.0,0,95123.0
DE403,2020,26.0,0,57107.0
DE404,2020,20.0,0,184754.0
DE405,2020,17.0,1,194169.0
DE406,2020,,0,178793.0
DE407,2020,7.0,0,97967.0
DE408,2020,4.0,0,170834.0
DE409,2020,,0,197817.0
DE40A,2020,1.0,0,217690.0
DE40B,2020,,0,107793.0
DE40C,2020,12.0,0,179817.0
DE40D,2020,7.0,0,99152.0
DE40E,2020,19.0,0,221268.0
DE40F,2020,,0,75595.0
DE40G,2020,23.0,1,109635.0
DE40H,2020,,1,177688.0
DE40I,2020,,0,117432.0
DE803,2020,23.0,2,205307.0
DE804,2020,2.0,0,98308.0
DE80J,2020,18.0,0,246318.0
DE80K,2020,6.0,1,218721.0
DE80L,2020,5.0,0,215203.0
DE80M,2020,,0,156692.0
DE80N,2020,5.0,0,224956.0
DE80O,2020,8.0,0,208092.0
DED41,2020,11.0,0,245618.0
DED42,2020,16.0,0,318394.0
DED43,2020,19.0,1,296431.0
DED44,2020,,1,219100.0
DED45,2020,7.0,0,306793.0
DED21,2020,26.0,6,564904.0
DED2C,2020,3.0,1,292608.0
DED2D,2020,2.0,1,243958.0
DED2E,2020,1.0,0,239221.0
DED2F,2020,9.0,0,243996.0
DED51,2020,57.0,1,611850.0
DED52,2020,3.0,0,260127.0
DED53,2020,10.0,0,199422.0
DEE01,2020,75.0,0,75402.0
DEE02,2020,13.0,2,226767.0
DEE03,2020,29.0,1,244329.0
DEE04,2020,2.0,1,79980.0
DEE05,2020,,0,153035.0
DEE07,2020,3.0,0,167924.0
DEE08,2020,,0,173684.0
DEE09,2020,12.0,1,205484.0
DEE06,2020,1.0,1,88509.0
DEE0A,2020,,0,129029.0
DEE0B,2020,,0,182451.0
DEE0C,2020,,0,180771.0
DEE0D,2020,1.0,1,106538.0
DEE0E,2020,4.0,0,121694.0
DEG01,2020,18.0,1,218793.0
DEG02,2020,10.0,1,95608.0
DEG03,2020,5.0,1,109725.0
DEG0S,2020,,0,34685.0
DEG05,2020,,0,65954.0
,2020,,0,
DEG06,2020,,1,103694.0
DEG07,2020,,0,80762.0
DEG0R,2020,,0,154957.0
DEG09,2020,3.0,1,94613.0
DEG0A,2020,2.0,0,71738.0
DEG0Q,2020,,0,120214.0
DEG0C,2020,6.0,0,135838.0
DEG0D,2020,,2,67693.0
DEG0E,2020,1.0,0,59987.0
DEG0T,2020,,0,106657.0
DEG0G,2020,,0,82392.0
DEG0V,2020,,0,54964.0
DEG0U,2020,,1,100105.0
DEG0J,2020,,0,83342.0
DEG0K,2020,6.0,1,77341.0
DEG0L,2020,,0,93707.0
DEG0M,2020,4.0,0,87508.0
DEF01,2021,133.0,1,96326.0
DEF02,2021,74.0,1,252668.0
DEF03,2021,57.0,1,216889.0
DEF04,2021,2.0,0,79809.0
DEF05,2021,16.0,0,133460.0
DEF06,2021,94.0,0,206235.0
DEF07,2021,54.0,0,170029.0
DEF08,2021,5.0,0,201472.0
DEF09,2021,1.0,0,325223.0
DEF0A,2021,1.0,1,130609.0
DEF0B,2021,109.0,4,278058.0
DEF0C,2021,151.0,1,205472.0
DEF0D,2021,18.0,1,283562.0
DEF0E,2021,20.0,0,132731.0
DEF0F,2021,34.0,0,246974.0
DE600,2021,173.0,8,1862565.0
DE911,2021,19.0,0,252962.0
DE912,2021,1.0,0,104970.0
DE913,2021,,0,129560.0
DE914,2021,2.0,0,175943.0
DE916,2021,5.0,2,126775.0
DE917,2021,45.0,0,90227.0
DE918,2021,39.0,2,125623.0
DE91A,2021,3.0,2,137045.0
DE91B,2021,,0,118290.0
DE91C,2021,42.0,1,328028.0
DE929,2021,242.0,4,1140888.0
DE922,2021,12.0,0,221202.0
DE923,2021,10.0,0,150203.0
DE925,2021,34.0,11,267506.0
DE926,2021,,0,65581.0
DE927,2021,272.0,0,121468.0
DE928,2021,,1,156841.0
DE931,2021,13.0,2,172449.0
DE932,2021,,0,198842.0
DE933,2021,7.0,1,265864.0
DE934,2021,,0,46502.0
DE935,2021,234.0,2,179448.0
DE936,2021,,0,113598.0
DE937,2021,10.0,0,165904.0
DE938,2021,46.0,1,141321.0
DE938,2021,46.0,0,141321.0
DE939,2021,8.0,1,207700.0
DE93A,2021,28.0,2,91638.0
DE93B,2021,249.0,0,138626.0
DE941,2021,30.0,1,81406.0
DE942,2021,1.0,0,49202.0
DE943,2021,33.0,2,176614.0
DE944,2021,63.0,0,166057.0
DE945,2021,25.0,1,75745.0
DE946,2021,,0,127751.0
DE947,2021,7.0,0,188816.0
DE948,2021,4.0,1,177025.0
DE949,2021,,0,334539.0
DE94A,2021,,0,100411.0
DE94B,2021,15.0,0,144543.0
DE94C,2021,19.0,0,169103.0
DE94D,2021,,0,132008.0
DE94E,2021,32.0,2,354821.0
DE94F,2021,4.0,0,146539.0
DE94G,2021,22.0,1,88936.0
DE94H,2021,,0,55969.0
DE501,2021,36.0,2,586271.0
DE502,2021,4.0,0,118610.0
DEA11,2021,57.0,2,618685.0
DEA12,2021,32.0,1,502270.0
DEA13,2021,43.0,3,574682.0
DEA14,2021,4.0,1,231406.0
DEA15,2021,3.0,0,267213.0
DEA16,2021,11.0,0,173050.0
DEA17,2021,8.0,1,213646.0
DEA18,2021,2.0,0,113828.0
DEA19,2021,28.0,3,165626.0
DEA1A,2021,42.0,0,358193.0
DEA1B,2021,,0,322018.0
DEA1C,2021,28.0,2,490910.0
DEA1D,2021,8.0,0,457077.0
DEA1E,2021,1.0,0,297857.0
DEA1F,2021,,1,457918.0
DEA22,2021,65.0,1,323336.0
DEA23,2021,102.0,3,1024621.0
DEA24,2021,6.0,0,168581.0
DEA2D,2021,54.0,0,582410.0
DEA26,2021,,0,279285.0
DEA27,2021,1.0,1,477988.0
DEA28,2021,19.0,0,202609.0
DEA29,2021,6.0,0,263681.0
DEA2A,2021,,4,274057.0
DEA2B,2021,9.0,1,284273.0
DEA2C,2021,88.0,3,605441.0
DEA31,2021,,0,118535.0
DEA32,2021,8.0,1,267930.0
DEA33,2021,51.0,0,308258.0
DEA34,2021,,5,380796.0
DEA35,2021,31.0,0,227859.0
DEA36,2021,11.0,1,621305.0
DEA37,2021,32.0,0,451712.0
DEA38,2021,,0,282639.0
DEA41,2021,74.0,0,331605.0
DEA42,2021,6.0,0,363982.0
DEA43,2021,45.0,1,254404.0
DEA44,2021,,0,139252.0
DEA45,2021,2.0,0,347149.0
DEA46,2021,65.0,3,320557.0
DEA47,2021,20.0,0,315912.0
DEA51,2021,36.0,2,358676.0
DEA52,2021,86.0,0,603462.0
DEA53,2021,27.0,1,190384.0
DEA54,2021,286.0,0,179968.0
DEA55,2021,,1,155851.0
DEA56,2021,1.0,0,314167.0
DEA57,2021,,1,260843.0
DEA58,2021,6.0,2,408046.0
DEA59,2021,1.0,0,132346.0
DEA5A,2021,1.0,0,274074.0
DEA5B,2021,,0,300297.0
DEA5C,2021,31.0,0,393784.0
DE711,2021,63.0,0,167029.0
DE712,2021,106.0,2,756021.0
DE713,2021,9.0,0,132746.0
DE714,2021,70.0,7,288850.0
DE715,2021,19.0,2,274169.0
DE716,2021,1.0,1,302021.0
DE717,2021,41.0,2,268310.0
DE718,2021,,0,241664.0
DE719,2021,32.0,3,420914.0
DE71A,2021,67.0,1,238775.0
DE71B,2021,,1,93846.0
DE71C,2021,9.0,0,358022.0
DE71D,2021,8.0,0,185651.0
DE71E,2021,10.0,0,311593.0
DE721,2021,10.0,1,268418.0
DE722,2021,,0,254074.0
DE723,2021,2.0,0,173830.0
DE724,2021,,0,242805.0
DE725,2021,,1,101163.0
DE731,2021,22.0,0,197230.0
DE732,2021,22.0,1,222283.0
DE733,2021,1.0,1,117414.0
DE734,2021,5.0,1,231073.0
DE735,2021,11.0,1,180071.0
DE736,2021,10.0,2,155126.0
DE737,2021,1.0,1,97695.0
DEB11,2021,64.0,0,113378.0
DEB12,2021,2.0,0,129353.0
DEB13,2021,,2,132125.0
DEB14,2021,12.0,0,164748.0
DEB15,2021,3.0,0,82611.0
DEB1C,2021,,0,61608.0
DEB17,2021,20.0,0,217228.0
DEB18,2021,,1,189061.0
DEB1D,2021,15.0,0,106705.0
DEB1A,2021,,1,125588.0
DEB1B,2021,,0,207803.0
DEB21,2021,46.0,1,104342.0
DEB22,2021,,0,113187.0
DEB23,2021,24.0,1,99788.0
DEB24,2021,,0,59313.0
DEB25,2021,,0,148953.0
DEB31,2021,68.0,0,48140.0
DEB32,2021,26.0,2,100426.0
DEB33,2021,8.0,0,48209.0
DEB34,2021,44.0,2,177222.0
DEB35,2021,12.0,0,224684.0
DEB36,2021,68.0,2,52945.0
DEB37,2021,,0,39761.0
DEB38,2021,,0,49564.0
DEB39,2021,4.0,0,86753.0
DEB3A,2021,,0,33323.0
DEB3B,2021,8.0,2,131238.0
DEB3C,2021,2.0,1,134329.0
DEB3D,2021,,0,74783.0
DEB3E,2021,8.0,0,131383.0
DEB3F,2021,3.0,1,106343.0
DEB3G,2021,3.0,1,69334.0
DEB3H,2021,,0,113031.0
DEB3I,2021,21.0,1,155882.0
DEB3J,2021,,0,206454.0
DEB3K,2021,,0,89974.0
DE111,2021,116.0,1,612663.0
DE112,2021,41.0,1,395167.0
DE113,2021,7.0,2,536601.0
DE114,2021,4.0,3,258809.0
DE115,2021,39.0,4,535374.0
DE116,2021,54.0,1,440696.0
DE117,2021,18.0,0,131986.0
DE118,2021,12.0,0,353877.0
DE119,2021,,1,115644.0
DE11A,2021,11.0,0,200902.0
DE11B,2021,,0,133169.0
DE11C,2021,1.0,0,135235.0
DE11D,2021,8.0,2,317427.0
DE121,2021,13.0,2,56881.0
DE122,2021,72.0,4,309050.0
DE123,2021,,2,456264.0
DE124,2021,16.0,0,230737.0
DE125,2021,31.0,0,155756.0
DE126,2021,54.0,1,318035.0
DE127,2021,1.0,0,145263.0
DE128,2021,17.0,4,558561.0
DE129,2021,47.0,0,134912.0
DE12A,2021,22.0,1,161251.0
DE12B,2021,1.0,0,199745.0
DE12C,2021,63.0,1,121958.0
DE131,2021,10.0,1,237460.0
DE132,2021,1.0,0,272558.0
DE133,2021,7.0,0,169787.0
DE134,2021,28.0,0,444858.0
DE135,2021,50.0,1,140237.0
DE136,2021,19.0,2,214065.0
DE137,2021,1.0,0,145208.0
DE138,2021,27.0,3,291841.0
DE139,2021,,0,238263.0
DE13A,2021,1.0,0,171579.0
DE141,2021,5.0,0,293483.0
DE142,2021,28.0,1,233546.0
DE143,2021,1.0,0,193326.0
DE144,2021,22.0,3,129882.0
DE145,2021,1.0,2,202354.0
DE146,2021,,0,207415.0
DE147,2021,33.0,1,220804.0
DE148,2021,70.0,1,291102.0
DE149,2021,,0,132167.0
DE211,2021,23.0,0,141185.0
DE212,2021,229.0,15,1505005.0
DE213,2021,8.0,0,65274.0
DE214,2021,3.0,0,113938.0
DE215,2021,5.0,0,105292.0
DE216,2021,,1,130248.0
DE217,2021,1.0,0,153595.0
DE218,2021,2.0,1,144225.0
DE219,2021,8.0,1,135668.0
DE21A,2021,14.0,1,140127.0
DE21B,2021,,0,184564.0
DE21C,2021,1.0,0,218227.0
DE21D,2021,9.0,1,89296.0
DE21E,2021,11.0,0,122107.0
DE21F,2021,10.0,0,97152.0
DE21G,2021,,0,122037.0
DE21H,2021,18.0,2,354396.0
DE21I,2021,4.0,0,99364.0
DE21J,2021,10.0,3,130781.0
DE21K,2021,5.0,0,258637.0
DE21L,2021,,0,139329.0
DE21M,2021,15.0,1,175144.0
DE21N,2021,13.0,1,138957.0
DE221,2021,6.0,0,71863.0
DE222,2021,9.0,0,53039.0
DE223,2021,2.0,0,49002.0
DE224,2021,35.0,1,121844.0
DE225,2021,5.0,2,78710.0
DE226,2021,26.0,2,126037.0
DE227,2021,,0,162170.0
DE228,2021,,1,194699.0
DE229,2021,,0,77267.0
DE22A,2021,,1,120497.0
DE22B,2021,,0,103041.0
DE22C,2021,11.0,1,101035.0
DE231,2021,13.0,0,42553.0
DE232,2021,58.0,2,151389.0
DE233,2021,2.0,0,42444.0
DE234,2021,,0,103982.0
DE235,2021,,0,128534.0
DE236,2021,,0,138693.0
DE237,2021,,0,96049.0
DE238,2021,,0,196213.0
DE239,2021,8.0,1,149312.0
DE23A,2021,,0,72210.0
DE241,2021,9.0,1,77150.0
DE242,2021,,0,72940.0
DE243,2021,1.0,0,41064.0
DE244,2021,13.0,1,46778.0
DE245,2021,,0,147777.0
DE246,2021,,1,103215.0
DE247,2021,,1,84468.0
DE248,2021,9.0,0,116184.0
DE249,2021,8.0,0,92191.0
DE24A,2021,1.0,2,64545.0
DE24B,2021,1.0,1,71518.0
DE24C,2021,,0,67379.0
DE24D,2021,4.0,1,70549.0
DE251,2021,3.0,0,40742.0
DE252,2021,4.0,0,115928.0
DE253,2021,38.0,0,132036.0
DE254,2021,39.0,3,529508.0
DE255,2021,45.0,1,40835.0
DE256,2021,,0,187633.0
DE257,2021,4.0,0,138325.0
DE258,2021,1.0,0,117719.0
DE259,2021,,0,168813.0
DE25A,2021,20.0,0,101043.0
DE25B,2021,,0,128632.0
DE25C,2021,1.0,0,94695.0
DE261,2021,69.0,1,73091.0
DE262,2021,32.0,2,54481.0
DE263,2021,45.0,0,133258.0
DE264,2021,16.0,0,170945.0
DE265,2021,,0,103489.0
DE266,2021,,0,79375.0
DE267,2021,,0,83869.0
DE268,2021,2.0,0,91287.0
DE269,2021,,0,127547.0
DE26A,2021,14.0,0,125282.0
DE26B,2021,5.0,1,113977.0
DE26C,2021,2.0,0,162216.0
DE271,2021,24.0,1,301105.0
DE272,2021,1.0,0,46193.0
DE273,2021,28.0,0,67645.0
DE274,2021,92.0,0,44192.0
DE275,2021,,0,136803.0
DE276,2021,3.0,1,262811.0
DE277,2021,2.0,0,98899.0
DE278,2021,,0,129846.0
DE279,2021,29.0,2,183595.0
DE27A,2021,,0,82411.0
DE27B,2021,41.0,0,142047.0
DE27C,2021,80.0,1,147255.0
DE27D,2021,3.0,2,135098.0
DE27E,2021,,0,155413.0
DEC01,2021,15.0,1,333149.0
DEC02,2021,1.0,0,108779.0
DEC03,2021,,0,133179.0
DEC04,2021,,0,205129.0
DEC05,2021,2.0,2,144092.0
DEC06,2021,,0,87813.0
DE300,2021,189.0,19,3685265.0
DE401,2021,,0,74113.0
DE402,2021,17.0,1,95123.0
DE403,2021,,0,57107.0
DE404,2021,36.0,2,184754.0
DE405,2021,9.0,0,194169.0
DE406,2021,,0,178793.0
DE407,2021,11.0,1,97967.0
DE408,2021,2.0,0,170834.0
DE409,2021,,1,197817.0
DE40A,2021,22.0,0,217690.0
DE40B,2021,,1,107793.0
DE40C,2021,1.0,0,179817.0
DE40D,2021,20.0,0,99152.0
DE40E,2021,18.0,2,221268.0
DE40F,2021,8.0,0,75595.0
DE40G,2021,7.0,0,109635.0
DE40H,2021,3.0,0,177688.0
DE40I,2021,2.0,0,117432.0
DE803,2021,42.0,0,205307.0
DE804,2021,28.0,1,98308.0
DE80J,2021,10.0,0,246318.0
DE80K,2021,1.0,0,218721.0
DE80L,2021,2.0,0,215203.0
DE80M,2021,1.0,0,156692.0
DE80N,2021,1.0,0,224956.0
DE80O,2021,35.0,1,208092.0
DED41,2021,7.0,1,245618.0
DED42,2021,8.0,0,318394.0
DED43,2021,3.0,1,296431.0
DED44,2021,4.0,1,219100.0
DED45,2021,20.0,2,306793.0
DED21,2021,37.0,1,564904.0
DED2C,2021,155.0,0,292608.0
DED2D,2021,67.0,1,243958.0
DED2E,2021,,0,239221.0
DED2F,2021,,1,243996.0
DED51,2021,44.0,2,611850.0
DED52,2021,,0,260127.0
DED53,2021,10.0,2,199422.0
DEE01,2021,87.0,0,75402.0
DEE02,2021,45.0,0,226767.0
DEE03,2021,26.0,1,244329.0
DEE04,2021,,0,79980.0
DEE05,2021,4.0,0,153035.0
DEE07,2021,,0,167924.0
DEE08,2021,,0,173684.0
DEE09,2021,,0,205484.0
DEE06,2021,1.0,0,88509.0
DEE0A,2021,2.0,0,129029.0
DEE0B,2021,,0,182451.0
DEE0C,2021,52.0,0,180771.0
DEE0D,2021,2.0,1,106538.0
DEE0E,2021,4.0,0,121694.0
DEG01,2021,19.0,1,218793.0
DEG02,2021,25.0,0,95608.0
DEG03,2021,7.0,1,109725.0
DEG0S,2021,,0,34685.0
DEG05,2021,8.0,0,65954.0
,2021,,0,
DEG06,2021,17.0,0,103694.0
DEG07,2021,8.0,0,80762.0
DEG0R,2021,,0,154957.0
DEG09,2021,1.0,0,94613.0
DEG0A,2021,,0,71738.0
DEG0Q,2021,,0,120214.0
DEG0C,2021,,0,135838.0
DEG0D,2021,,0,67693.0
DEG0E,2021,,0,59987.0
DEG0T,2021,,1,106657.0
DEG0G,2021,,0,82392.0
DEG0V,2021,,0,54964.0
DEG0U,2021,,0,100105.0
DEG0J,2021,,1,83342.0
DEG0K,2021,8.0,0,77341.0
DEG0L,2021,13.0,2,93707.0
DEG0M,2021,,1,87508.0
DEF01,2022,30.0,0,96326.0
DEF02,2022,1.0,0,252668.0
DEF03,2022,23.0,1,216889.0
DEF04,2022,,0,79809.0
DEF05,2022,29.0,1,133460.0
DEF06,2022,,0,206235.0
DEF07,2022,12.0,1,170029.0
DEF08,2022,17.0,1,201472.0
DEF09,2022,50.0,4,325223.0
DEF0A,2022,,0,130609.0
DEF0B,2022,2.0,0,278058.0
DEF0C,2022,24.0,3,205472.0
DEF0D,2022,9.0,0,283562.0
DEF0E,2022,27.0,0,132731.0
DEF0F,2022,10.0,1,246974.0
DE600,2022,309.0,6,1862565.0
DE911,2022,53.0,2,252962.0
DE912,2022,73.0,0,104970.0
DE913,2022,,0,129560.0
DE914,2022,1.0,0,175943.0
DE916,2022,,1,126775.0
DE917,2022,9.0,0,90227.0
DE918,2022,43.0,2,125623.0
DE91A,2022,,1,137045.0
DE91B,2022,3.0,0,118290.0
DE91C,2022,70.0,0,328028.0
DE929,2022,325.0,4,1140888.0
DE922,2022,27.0,4,221202.0
DE923,2022,,0,150203.0
DE925,2022,106.0,5,267506.0
DE926,2022,,1,65581.0
DE927,2022,32.0,2,121468.0
DE928,2022,76.0,0,156841.0
DE931,2022,147.0,0,172449.0
DE932,2022,5.0,0,198842.0
DE933,2022,144.0,1,265864.0
DE934,2022,,0,46502.0
DE935,2022,32.0,0,179448.0
DE936,2022,4.0,1,113598.0
DE937,2022,5.0,0,165904.0
DE938,2022,48.0,3,141321.0
DE938,2022,48.0,0,141321.0
DE939,2022,,1,207700.0
DE93A,2022,,1,91638.0
DE93B,2022,99.0,0,138626.0
DE941,2022,19.0,0,81406.0
DE942,2022,5.0,0,49202.0
DE943,2022,40.0,0,176614.0
DE944,2022,45.0,1,166057.0
DE945,2022,8.0,0,75745.0
DE946,2022,2.0,0,127751.0
DE947,2022,38.0,1,188816.0
DE948,2022,5.0,1,177025.0
DE949,2022,32.0,1,334539.0
DE94A,2022,,0,100411.0
DE94B,2022,,0,144543.0
DE94C,2022,10.0,0,169103.0
DE94D,2022,1.0,0,132008.0
DE94E,2022,,2,354821.0
DE94F,2022,,0,146539.0
DE94G,2022,20.0,1,88936.0
DE94H,2022,3.0,0,55969.0
DE501,2022,77.0,9,586271.0
DE502,2022,94.0,0,118610.0
DEA11,2022,25.0,3,618685.0
DEA12,2022,29.0,2,502270.0
DEA13,2022,33.0,3,574682.0
DEA14,2022,42.0,0,231406.0
DEA15,2022,63.0,2,267213.0
DEA16,2022,13.0,3,173050.0
DEA17,2022,,1,213646.0
DEA18,2022,4.0,0,113828.0
DEA19,2022,20.0,0,165626.0
DEA1A,2022,53.0,1,358193.0
DEA1B,2022,7.0,1,322018.0
DEA1C,2022,29.0,3,490910.0
DEA1D,2022,14.0,1,457077.0
DEA1E,2022,,0,297857.0
DEA1F,2022,5.0,0,457918.0
DEA22,2022,18.0,0,323336.0
DEA23,2022,64.0,3,1024621.0
DEA24,2022,,0,168581.0
DEA2D,2022,5.0,2,582410.0
DEA26,2022,6.0,0,279285.0
DEA27,2022,1.0,2,477988.0
DEA28,2022,6.0,0,202609.0
DEA29,2022,,0,263681.0
DEA2A,2022,15.0,4,274057.0
DEA2B,2022,,0,284273.0
DEA2C,2022,10.0,0,605441.0
DEA31,2022,14.0,1,118535.0
DEA32,2022,3.0,0,267930.0
DEA33,2022,88.0,0,308258.0
DEA34,2022,,0,380796.0
DEA35,2022,8.0,3,227859.0
DEA36,2022,,0,621305.0
DEA37,2022,35.0,1,451712.0
DEA38,2022,63.0,0,282639.0
DEA41,2022,34.0,2,331605.0
DEA42,2022,3.0,1,363982.0
DEA43,2022,2.0,0,254404.0
DEA44,2022,46.0,0,139252.0
DEA45,2022,46.0,5,347149.0
DEA46,2022,,0,320557.0
DEA47,2022,11.0,0,315912.0
DEA51,2022,14.0,0,358676.0
DEA52,2022,90.0,2,603462.0
DEA53,2022,30.0,0,190384.0
DEA54,2022,111.0,2,179968.0
DEA55,2022,1.0,0,155851.0
DEA56,2022,19.0,1,314167.0
DEA57,2022,2.0,0,260843.0
DEA58,2022,17.0,0,408046.0
DEA59,2022,,0,132346.0
DEA5A,2022,1.0,0,274074.0
DEA5B,2022,25.0,1,300297.0
DEA5C,2022,15.0,2,393784.0
DE711,2022,27.0,0,167029.0
DE712,2022,41.0,4,756021.0
DE713,2022,2.0,0,132746.0
DE714,2022,2.0,0,288850.0
DE715,2022,24.0,3,274169.0
DE716,2022,3.0,0,302021.0
DE717,2022,1.0,1,268310.0
DE718,2022,2.0,0,241664.0
DE719,2022,3.0,2,420914.0
DE71A,2022,3.0,0,238775.0
DE71B,2022,,1,93846.0
DE71C,2022,,2,358022.0
DE71D,2022,,1,185651.0
DE71E,2022,10.0,0,311593.0
DE721,2022,7.0,0,268418.0
DE722,2022,2.0,0,254074.0
DE723,2022,,0,173830.0
DE724,2022,41.0,1,242805.0
DE725,2022,,0,101163.0
DE731,2022,11.0,0,197230.0
DE732,2022,6.0,2,222283.0
DE733,2022,,0,117414.0
DE734,2022,,0,231073.0
DE735,2022,62.0,1,180071.0
DE736,2022,4.0,3,155126.0
DE737,2022,,4,97695.0
DEB11,2022,18.0,0,113378.0
DEB12,2022,,0,129353.0
DEB13,2022,,0,132125.0
DEB14,2022,3.0,0,164748.0
DEB15,2022,2.0,0,82611.0
DEB1C,2022,,0,61608.0
DEB17,2022,5.0,1,217228.0
DEB18,2022,18.0,1,189061.0
DEB1D,2022,1.0,0,106705.0
DEB1A,2022,,0,125588.0
DEB1B,2022,,0,207803.0
DEB21,2022,80.0,16,104342.0
DEB22,2022,,1,113187.0
DEB23,2022,,1,99788.0
DEB24,2022,,0,59313.0
DEB25,2022,3.0,0,148953.0
DEB31,2022,34.0,0,48140.0
DEB32,2022,10.0,0,100426.0
DEB33,2022,6.0,0,48209.0
DEB34,2022,29.0,1,177222.0
DEB35,2022,43.0,1,224684.0
DEB36,2022,14.0,0,52945.0
DEB37,2022,,0,39761.0
DEB38,2022,36.0,0,49564.0
DEB39,2022,1.0,0,86753.0
DEB3A,2022,,0,33323.0
DEB3B,2022,12.0,0,131238.0
DEB3C,2022,,0,134329.0
DEB3D,2022,,0,74783.0
DEB3E,2022,4.0,0,131383.0
DEB3F,2022,,0,106343.0
DEB3G,2022,9.0,1,69334.0
DEB3H,2022,3.0,1,113031.0
DEB3I,2022,1.0,0,155882.0
DEB3J,2022,5.0,0,206454.0
DEB3K,2022,,0,89974.0
DE111,2022,155.0,2,612663.0
DE112,2022,46.0,0,395167.0
DE113,2022,47.0,1,536601.0
DE114,2022,9.0,0,258809.0
DE115,2022,27.0,2,535374.0
DE116,2022,22.0,1,440696.0
DE117,2022,76.0,1,131986.0
DE118,2022,27.0,1,353877.0
DE119,2022,23.0,1,115644.0
DE11A,2022,17.0,0,200902.0
DE11B,2022,,0,133169.0
DE11C,2022,29.0,2,135235.0
DE11D,2022,34.0,2,317427.0
DE121,2022,26.0,0,56881.0
DE122,2022,22.0,1,309050.0
DE123,2022,11.0,3,456264.0
DE124,2022,16.0,0,230737.0
DE125,2022,31.0,3,155756.0
DE126,2022,52.0,1,318035.0
DE127,2022,,0,145263.0
DE128,2022,47.0,2,558561.0
DE129,2022,21.0,0,134912.0
DE12A,2022,61.0,2,161251.0
DE12B,2022,1.0,1,199745.0
DE12C,2022,38.0,2,121958.0
DE131,2022,36.0,0,237460.0
DE132,2022,23.0,2,272558.0
DE133,2022,1.0,1,169787.0
DE134,2022,15.0,4,444858.0
DE135,2022,10.0,0,140237.0
DE136,2022,,1,214065.0
DE137,2022,1.0,0,145208.0
DE138,2022,18.0,0,291841.0
DE139,2022,9.0,2,238263.0
DE13A,2022,,0,171579.0
DE141,2022,8.0,2,293483.0
DE142,2022,85.0,0,233546.0
DE143,2022,68.0,1,193326.0
DE144,2022,18.0,0,129882.0
DE145,2022,13.0,2,202354.0
DE146,2022,,0,207415.0
DE147,2022,12.0,0,220804.0
DE148,2022,4.0,1,291102.0
DE149,2022,,0,132167.0
DE211,2022,98.0,0,141185.0
DE212,2022,198.0,4,1505005.0
DE213,2022,111.0,0,65274.0
DE214,2022,,0,113938.0
DE215,2022,,1,105292.0
DE216,2022,,0,130248.0
DE217,2022,,0,153595.0
DE218,2022,,0,144225.0
DE219,2022,2.0,0,135668.0
DE21A,2022,,0,140127.0
DE21B,2022,3.0,0,184564.0
DE21C,2022,13.0,0,218227.0
DE21D,2022,5.0,2,89296.0
DE21E,2022,1.0,0,122107.0
DE21F,2022,5.0,0,97152.0
DE21G,2022,16.0,0,122037.0
DE21H,2022,31.0,3,354396.0
DE21I,2022,1.0,0,99364.0
DE21J,2022,4.0,0,130781.0
DE21K,2022,125.0,0,258637.0
DE21L,2022,9.0,1,139329.0
DE21M,2022,9.0,0,175144.0
DE21N,2022,23.0,4,138957.0
DE221,2022,13.0,0,71863.0
DE222,2022,43.0,1,53039.0
DE223,2022,1.0,0,49002.0
DE224,2022,41.0,1,121844.0
DE225,2022,32.0,0,78710.0
DE226,2022,,0,126037.0
DE227,2022,,1,162170.0
DE228,2022,,0,194699.0
DE229,2022,,0,77267.0
DE22A,2022,22.0,1,120497.0
DE22B,2022,,0,103041.0
DE22C,2022,,0,101035.0
DE231,2022,1.0,0,42553.0
DE232,2022,115.0,1,151389.0
DE233,2022,,0,42444.0
DE234,2022,5.0,1,103982.0
DE235,2022,,0,128534.0
DE236,2022,,0,138693.0
DE237,2022,,0,96049.0
DE238,2022,50.0,0,196213.0
DE239,2022,1.0,0,149312.0
DE23A,2022,1.0,0,72210.0
DE241,2022,23.0,0,77150.0
DE242,2022,,0,72940.0
DE243,2022,16.0,1,41064.0
DE244,2022,4.0,0,46778.0
DE245,2022,,0,147777.0
DE246,2022,,2,103215.0
DE247,2022,14.0,0,84468.0
DE248,2022,32.0,0,116184.0
DE249,2022,1.0,1,92191.0
DE24A,2022,,0,64545.0
DE24B,2022,,0,71518.0
DE24C,2022,,0,67379.0
DE24D,2022,,0,70549.0
DE251,2022,20.0,0,40742.0
DE252,2022,,0,115928.0
DE253,2022,31.0,1,132036.0
DE254,2022,17.0,0,529508.0
DE255,2022,17.0,0,40835.0
DE256,2022,3.0,0,187633.0
DE257,2022,,1,138325.0
DE258,2022,,0,117719.0
DE259,2022,,0,168813.0
DE25A,2022,7.0,1,101043.0
DE25B,2022,21.0,1,128632.0
DE25C,2022,18.0,1,94695.0
DE261,2022,26.0,0,73091.0
DE262,2022,1.0,0,54481.0
DE263,2022,1.0,1,133258.0
DE264,2022,26.0,0,170945.0
DE265,2022,,0,103489.0
DE266,2022,4.0,0,79375.0
DE267,2022,,0,83869.0
DE268,2022,1.0,0,91287.0
DE269,2022,1.0,0,127547.0
DE26A,2022,8.0,2,125282.0
DE26B,2022,1.0,2,113977.0
DE26C,2022,,0,162216.0
DE271,2022,35.0,1,301105.0
DE272,2022,1.0,0,46193.0
DE273,2022,2.0,0,67645.0
DE274,2022,25.0,0,44192.0
DE275,2022,3.0,0,136803.0
DE276,2022,29.0,0,262811.0
DE277,2022,,0,98899.0
DE278,2022,,0,129846.0
DE279,2022,13.0,0,183595.0
DE27A,2022,,0,82411.0
DE27B,2022,6.0,1,142047.0
DE27C,2022,6.0,2,147255.0
DE27D,2022,2.0,1,135098.0
DE27E,2022,,1,155413.0
DEC01,2022,24.0,1,333149.0
DEC02,2022,19.0,0,108779.0
DEC03,2022,6.0,2,133179.0
DEC04,2022,20.0,1,205129.0
DEC05,2022,3.0,0,144092.0
DEC06,2022,,0,87813.0
DE300,2022,315.0,20,3685265.0
DE401,2022,1.0,0,74113.0
DE402,2022,21.0,0,95123.0
DE403,2022,31.0,0,57107.0
DE404,2022,25.0,1,184754.0
DE405,2022,10.0,0,194169.0
DE406,2022,,1,178793.0
DE407,2022,,1,97967.0
DE408,2022,,0,170834.0
DE409,2022,5.0,1,197817.0
DE40A,2022,,0,217690.0
DE40B,2022,6.0,1,107793.0
DE40C,2022,5.0,0,179817.0
DE40D,2022,13.0,0,99152.0
DE40E,2022,1.0,0,221268.0
DE40F,2022,,0,75595.0
DE40G,2022,,0,109635.0
DE40H,2022,,0,177688.0
DE40I,2022,,0,117432.0
DE803,2022,3.0,0,205307.0
DE804,2022,14.0,0,98308.0
DE80J,2022,8.0,1,246318.0
DE80K,2022,2.0,0,218721.0
DE80L,2022,15.0,1,215203.0
DE80M,2022,1.0,0,156692.0
DE80N,2022,23.0,0,224956.0
DE80O,2022,,0,208092.0
DED41,2022,31.0,0,245618.0
DED42,2022,,0,318394.0
DED43,2022,12.0,2,296431.0
DED44,2022,1.0,0,219100.0
DED45,2022,9.0,2,306793.0
DED21,2022,71.0,4,564904.0
DED2C,2022,44.0,1,292608.0
DED2D,2022,4.0,0,243958.0
DED2E,2022,2.0,1,239221.0
DED2F,2022,,0,243996.0
DED51,2022,36.0,4,611850.0
DED52,2022,2.0,0,260127.0
DED53,2022,,0,199422.0
DEE01,2022,,1,75402.0
DEE02,2022,24.0,1,226767.0
DEE03,2022,18.0,2,244329.0
DEE04,2022,,0,79980.0
DEE05,2022,,1,153035.0
DEE07,2022,5.0,0,167924.0
DEE08,2022,3.0,0,173684.0
DEE09,2022,17.0,3,205484.0
DEE06,2022,,0,88509.0
DEE0A,2022,3.0,0,129029.0
DEE0B,2022,,1,182451.0
DEE0C,2022,6.0,1,180771.0
DEE0D,2022,1.0,0,106538.0
DEE0E,2022,1.0,0,121694.0
DEG01,2022,1.0,0,218793.0
DEG02,2022,4.0,0,95608.0
DEG03,2022,,0,109725.0
DEG0S,2022,,0,34685.0
DEG05,2022,,0,65954.0
,2022,,0,
DEG06,2022,,0,103694.0
DEG07,2022,2.0,0,80762.0
DEG0R,2022,,0,154957.0
DEG09,2022,1.0,1,94613.0
DEG0A,2022,1.0,0,71738.0
DEG0Q,2022,,0,120214.0
DEG0C,2022,,0,135838.0
DEG0D,2022,,0,67693.0
DEG0E,2022,1.0,0,59987.0
DEG0T,2022,,1,106657.0
DEG0G,2022,,0,82392.0
DEG0V,2022,,0,54964.0
DEG0U,2022,,0,100105.0
DEG0J,2022,,0,83342.0
DEG0K,2022,,0,77341.0
DEG0L,2022,,0,93707.0
DEG0M,2022,8.0,1,87508.0
DEF01,2023,10.0,0,96326.0
DEF02,2023,80.0,4,252668.0
DEF03,2023,60.0,3,216889.0
DEF04,2023,1.0,0,79809.0
DEF05,2023,20.0,1,133460.0
DEF06,2023,7.0,1,206235.0
DEF07,2023,8.0,0,170029.0
DEF08,2023,19.0,1,201472.0
DEF09,2023,4.0,0,325223.0
DEF0A,2023,,0,130609.0
DEF0B,2023,44.0,1,278058.0
DEF0C,2023,13.0,1,205472.0
DEF0D,2023,2.0,2,283562.0
DEF0E,2023,16.0,3,132731.0
DEF0F,2023,,0,246974.0
DE600,2023,158.0,20,1862565.0
DE911,2023,60.0,1,252962.0
DE912,2023,10.0,0,104970.0
DE913,2023,10.0,0,129560.0
DE914,2023,16.0,1,175943.0
DE916,2023,,0,126775.0
DE917,2023,84.0,1,90227.0
DE918,2023,22.0,0,125623.0
DE91A,2023,1.0,1,137045.0
DE91B,2023,49.0,1,118290.0
DE91C,2023,27.0,0,328028.0
DE929,2023,142.0,4,1140888.0
DE922,2023,188.0,0,221202.0
DE923,2023,28.0,0,150203.0
DE925,2023,5.0,0,267506.0
DE926,2023,16.0,1,65581.0
DE927,2023,12.0,2,121468.0
DE928,2023,38.0,2,156841.0
DE931,2023,5.0,2,172449.0
DE932,2023,4.0,1,198842.0
DE933,2023,17.0,1,265864.0
DE934,2023,,0,46502.0
DE935,2023,21.0,3,179448.0
DE936,2023,7.0,1,113598.0
DE937,2023,,0,165904.0
DE938,2023,109.0,2,141321.0
DE938,2023,109.0,0,141321.0
DE939,2023,26.0,2,207700.0
DE93A,2023,16.0,0,91638.0
DE93B,2023,142.0,0,138626.0
DE941,2023,6.0,2,81406.0
DE942,2023,1.0,0,49202.0
DE943,2023,45.0,1,176614.0
DE944,2023,123.0,0,166057.0
DE945,2023,1.0,0,75745.0
DE946,2023,,0,127751.0
DE947,2023,20.0,0,188816.0
DE948,2023,7.0,3,177025.0
DE949,2023,2.0,0,334539.0
DE94A,2023,,0,100411.0
DE94B,2023,,0,144543.0
DE94C,2023,25.0,1,169103.0
DE94D,2023,1.0,0,132008.0
DE94E,2023,126.0,2,354821.0
DE94F,2023,10.0,0,146539.0
DE94G,2023,18.0,1,88936.0
DE94H,2023,,0,55969.0
DE501,2023,124.0,3,586271.0
DE502,2023,60.0,2,118610.0
DEA11,2023,47.0,1,618685.0
DEA12,2023,64.0,2,502270.0
DEA13,2023,32.0,6,574682.0
DEA14,2023,9.0,0,231406.0
DEA15,2023,9.0,0,267213.0
DEA16,2023,11.0,1,173050.0
DEA17,2023,,0,213646.0
DEA18,2023,,0,113828.0
DEA19,2023,2.0,1,165626.0
DEA1A,2023,8.0,0,358193.0
DEA1B,2023,38.0,1,322018.0
DEA1C,2023,17.0,0,490910.0
DEA1D,2023,8.0,2,457077.0
DEA1E,2023,7.0,2,297857.0
DEA1F,2023,1.0,1,457918.0
DEA22,2023,8.0,1,323336.0
DEA23,2023,92.0,2,1024621.0
DEA24,2023,57.0,2,168581.0
DEA2D,2023,39.0,1,582410.0
DEA26,2023,,0,279285.0
DEA27,2023,,1,477988.0
DEA28,2023,8.0,0,202609.0
DEA29,2023,12.0,0,263681.0
DEA2A,2023,1.0,2,274057.0
DEA2B,2023,9.0,2,284273.0
DEA2C,2023,3.0,1,605441.0
DEA31,2023,1.0,0,118535.0
DEA32,2023,2.0,0,267930.0
DEA33,2023,80.0,0,308258.0
DEA34,2023,8.0,0,380796.0
DEA35,2023,,3,227859.0
DEA36,2023,42.0,3,621305.0
DEA37,2023,32.0,1,451712.0
DEA38,2023,46.0,0,282639.0
DEA41,2023,82.0,2,331605.0
DEA42,2023,17.0,1,363982.0
DEA43,2023,1.0,1,254404.0
DEA44,2023,84.0,0,139252.0
DEA45,2023,10.0,1,347149.0
DEA46,2023,3.0,0,320557.0
DEA47,2023,19.0,2,315912.0
DEA51,2023,17.0,0,358676.0
DEA52,2023,20.0,0,603462.0
DEA53,2023,51.0,1,190384.0
DEA54,2023,2.0,3,179968.0
DEA55,2023,6.0,3,155851.0
DEA56,2023,4.0,0,314167.0
DEA57,2023,35.0,0,260843.0
DEA58,2023,59.0,2,408046.0
DEA59,2023,,0,132346.0
DEA5A,2023,348.0,0,274074.0
DEA5B,2023,4.0,0,300297.0
DEA5C,2023,,0,393784.0
DE711,2023,23.0,1,167029.0
DE712,2023,88.0,4,756021.0
DE713,2023,24.0,2,132746.0
DE714,2023,29.0,1,288850.0
DE715,2023,18.0,2,274169.0
DE716,2023,2.0,1,302021.0
DE717,2023,11.0,2,268310.0
DE718,2023,,1,241664.0
DE719,2023,15.0,1,420914.0
DE71A,2023,2.0,0,238775.0
DE71B,2023,,1,93846.0
DE71C,2023,1.0,4,358022.0
DE71D,2023,2.0,2,185651.0
DE71E,2023,18.0,1,311593.0
DE721,2023,31.0,1,268418.0
DE722,2023,9.0,0,254074.0
DE723,2023,13.0,3,173830.0
DE724,2023,51.0,1,242805.0
DE725,2023,1.0,0,101163.0
DE731,2023,51.0,1,197230.0
DE732,2023,32.0,2,222283.0
DE733,2023,20.0,1,117414.0
DE734,2023,34.0,0,231073.0
DE735,2023,14.0,1,180071.0
DE736,2023,10.0,1,155126.0
DE737,2023,8.0,1,97695.0
DEB11,2023,209.0,1,113378.0
DEB12,2023,,0,129353.0
DEB13,2023,14.0,1,132125.0
DEB14,2023,,0,164748.0
DEB15,2023,,0,82611.0
DEB1C,2023,,0,61608.0
DEB17,2023,2.0,0,217228.0
DEB18,2023,20.0,3,189061.0
DEB1D,2023,,0,106705.0
DEB1A,2023,,0,125588.0
DEB1B,2023,10.0,0,207803.0
DEB21,2023,23.0,0,104342.0
DEB22,2023,,0,113187.0
DEB23,2023,1.0,0,99788.0
DEB24,2023,,1,59313.0
DEB25,2023,,0,148953.0
DEB31,2023,20.0,0,48140.0
DEB32,2023,42.0,0,100426.0
DEB33,2023,2.0,0,48209.0
DEB34,2023,6.0,0,177222.0
DEB35,2023,103.0,1,224684.0
DEB36,2023,3.0,0,52945.0
DEB37,2023,3.0,0,39761.0
DEB38,2023,15.0,1,49564.0
DEB39,2023,,0,86753.0
DEB3A,2023,19.0,0,33323.0
DEB3B,2023,8.0,0,131238.0
DEB3C,2023,3.0,0,134329.0
DEB3D,2023,,0,74783.0
DEB3E,2023,3.0,0,131383.0
DEB3F,2023,26.0,1,106343.0
DEB3G,2023,,0,69334.0
DEB3H,2023,1.0,0,113031.0
DEB3I,2023,,0,155882.0
DEB3J,2023,3.0,0,206454.0
DEB3K,2023,1.0,0,89974.0
DE111,2023,205.0,3,612663.0
DE112,2023,50.0,0,395167.0
DE113,2023,18.0,0,536601.0
DE114,2023,10.0,1,258809.0
DE115,2023,38.0,4,535374.0
DE116,2023,12.0,1,440696.0
DE117,2023,125.0,0,131986.0
DE118,2023,95.0,1,353877.0
DE119,2023,7.0,0,115644.0
DE11A,2023,100.0,2,200902.0
DE11B,2023,7.0,0,133169.0
DE11C,2023,1.0,1,135235.0
DE11D,2023,11.0,0,317427.0
DE121,2023,13.0,0,56881.0
DE122,2023,102.0,1,309050.0
DE123,2023,95.0,1,456264.0
DE124,2023,27.0,4,230737.0
DE125,2023,144.0,0,155756.0
DE126,2023,31.0,3,318035.0
DE127,2023,27.0,0,145263.0
DE128,2023,246.0,1,558561.0
DE129,2023,25.0,0,134912.0
DE12A,2023,56.0,0,161251.0
DE12B,2023,7.0,0,199745.0
DE12C,2023,1.0,0,121958.0
DE131,2023,112.0,4,237460.0
DE132,2023,5.0,2,272558.0
DE133,2023,13.0,0,169787.0
DE134,2023,21.0,0,444858.0
DE135,2023,14.0,1,140237.0
DE136,2023,3.0,0,214065.0
DE137,2023,5.0,0,145208.0
DE138,2023,125.0,3,291841.0
DE139,2023,5.0,0,238263.0
DE13A,2023,20.0,1,171579.0
DE141,2023,15.0,1,293483.0
DE142,2023,99.0,2,233546.0
DE143,2023,9.0,0,193326.0
DE144,2023,38.0,1,129882.0
DE145,2023,22.0,1,202354.0
DE146,2023,1.0,1,207415.0
DE147,2023,146.0,2,220804.0
DE148,2023,9.0,0,291102.0
DE149,2023,19.0,0,132167.0
DE211,2023,136.0,0,141185.0
DE212,2023,162.0,2,1505005.0
DE213,2023,8.0,0,65274.0
DE214,2023,,0,113938.0
DE215,2023,,0,105292.0
DE216,2023,2.0,1,130248.0
DE217,2023,1.0,0,153595.0
DE218,2023,1.0,1,144225.0
DE219,2023,4.0,1,135668.0
DE21A,2023,37.0,0,140127.0
DE21B,2023,,0,184564.0
DE21C,2023,,0,218227.0
DE21D,2023,10.0,1,89296.0
DE21E,2023,,0,122107.0
DE21F,2023,3.0,0,97152.0
DE21G,2023,,3,122037.0
DE21H,2023,78.0,2,354396.0
DE21I,2023,1.0,0,99364.0
DE21J,2023,1.0,0,130781.0
DE21K,2023,52.0,0,258637.0
DE21L,2023,,0,139329.0
DE21M,2023,50.0,1,175144.0
DE21N,2023,2.0,0,138957.0
DE221,2023,6.0,0,71863.0
DE222,2023,4.0,0,53039.0
DE223,2023,1.0,0,49002.0
DE224,2023,44.0,0,121844.0
DE225,2023,,0,78710.0
DE226,2023,,0,126037.0
DE227,2023,,0,162170.0
DE228,2023,,0,194699.0
DE229,2023,,0,77267.0
DE22A,2023,2.0,1,120497.0
DE22B,2023,1.0,0,103041.0
DE22C,2023,,0,101035.0
DE231,2023,,0,42553.0
DE232,2023,59.0,1,151389.0
DE233,2023,,0,42444.0
DE234,2023,,0,103982.0
DE235,2023,,0,128534.0
DE236,2023,26.0,0,138693.0
DE237,2023,,0,96049.0
DE238,2023,1.0,0,196213.0
DE239,2023,1.0,1,149312.0
DE23A,2023,1.0,0,72210.0
DE241,2023,,0,77150.0
DE242,2023,13.0,0,72940.0
DE243,2023,141.0,1,41064.0
DE244,2023,30.0,0,46778.0
DE245,2023,,0,147777.0
DE246,2023,,1,103215.0
DE247,2023,29.0,1,84468.0
DE248,2023,,2,116184.0
DE249,2023,,0,92191.0
DE24A,2023,1.0,0,64545.0
DE24B,2023,1.0,0,71518.0
DE24C,2023,139.0,1,67379.0
DE24D,2023,51.0,2,70549.0
DE251,2023,,0,40742.0
DE252,2023,76.0,0,115928.0
DE253,2023,5.0,2,132036.0
DE254,2023,37.0,1,529508.0
DE255,2023,10.0,0,40835.0
DE256,2023,13.0,0,187633.0
DE257,2023,83.0,3,138325.0
DE258,2023,,0,117719.0
DE259,2023,18.0,0,168813.0
DE25A,2023,,0,101043.0
DE25B,2023,2.0,1,128632.0
DE25C,2023,,2,94695.0
DE261,2023,11.0,1,73091.0
DE262,2023,7.0,0,54481.0
DE263,2023,35.0,0,133258.0
DE264,2023,,0,170945.0
DE265,2023,7.0,0,103489.0
DE266,2023,,0,79375.0
DE267,2023,,1,83869.0
DE268,2023,,0,91287.0
DE269,2023,,1,127547.0
DE26A,2023,13.0,1,125282.0
DE26B,2023,7.0,1,113977.0
DE26C,2023,4.0,0,162216.0
DE271,2023,10.0,0,301105.0
DE272,2023,,0,46193.0
DE273,2023,27.0,0,67645.0
DE274,2023,2.0,0,44192.0
DE275,2023,2.0,0,136803.0
DE276,2023,2.0,2,262811.0
DE277,2023,14.0,1,98899.0
DE278,2023,,0,129846.0
DE279,2023,3.0,1,183595.0
DE27A,2023,15.0,0,82411.0
DE27B,2023,44.0,0,142047.0
DE27C,2023,1.0,0,147255.0
DE27D,2023,1.0,1,135098.0
DE27E,2023,2.0,0,155413.0
DEC01,2023,75.0,2,333149.0
DEC02,2023,6.0,0,108779.0
DEC03,2023,27.0,0,133179.0
DEC04,2023,12.0,0,205129.0
DEC05,2023,4.0,0,144092.0
DEC06,2023,,0,87813.0
DE300,2023,328.0,13,3685265.0
DE401,2023,1.0,0,74113.0
DE402,2023,10.0,1,95123.0
DE403,2023,1.0,2,57107.0
DE404,2023,16.0,1,184754.0
DE405,2023,13.0,1,194169.0
DE406,2023,5.0,0,178793.0
DE407,2023,,0,97967.0
DE408,2023,10.0,0,170834.0
DE409,2023,1.0,0,197817.0
DE40A,2023,10.0,1,217690.0
DE40B,2023,14.0,1,107793.0
DE40C,2023,,2,179817.0
DE40D,2023,1.0,0,99152.0
DE40E,2023,7.0,0,221268.0
DE40F,2023,,0,75595.0
DE40G,2023,5.0,0,109635.0
DE40H,2023,,0,177688.0
DE40I,2023,,1,117432.0
DE803,2023,13.0,0,205307.0
DE804,2023,47.0,2,98308.0
DE80J,2023,32.0,0,246318.0
DE80K,2023,,3,218721.0
DE80L,2023,45.0,1,215203.0
DE80M,2023,,0,156692.0
DE80N,2023,26.0,1,224956.0
DE80O,2023,,1,208092.0
DED41,2023,25.0,5,245618.0
DED42,2023,7.0,1,318394.0
DED43,2023,,2,296431.0
DED44,2023,20.0,0,219100.0
DED45,2023,23.0,1,306793.0
DED21,2023,12.0,5,564904.0
DED2C,2023,2.0,0,292608.0
DED2D,2023,2.0,0,243958.0
DED2E,2023,,2,239221.0
DED2F,2023,2.0,1,243996.0
DED51,2023,69.0,1,611850.0
DED52,2023,,0,260127.0
DED53,2023,,0,199422.0
DEE01,2023,3.0,0,75402.0
DEE02,2023,38.0,1,226767.0
DEE03,2023,43.0,0,244329.0
DEE04,2023,82.0,1,79980.0
DEE05,2023,1.0,2,153035.0
DEE07,2023,,0,167924.0
DEE08,2023,14.0,1,173684.0
DEE09,2023,29.0,0,205484.0
DEE06,2023,17.0,1,88509.0
DEE0A,2023,,1,129029.0
DEE0B,2023,4.0,1,182451.0
DEE0C,2023,1.0,0,180771.0
DEE0D,2023,95.0,1,106538.0
DEE0E,2023,4.0,0,121694.0
DEG01,2023,18.0,0,218793.0
DEG02,2023,2.0,0,95608.0
DEG03,2023,4.0,0,109725.0
DEG0S,2023,,0,34685.0
DEG05,2023,,0,65954.0
,2023,,0,
DEG06,2023,,0,103694.0
DEG07,2023,2.0,0,80762.0
DEG0R,2023,,0,154957.0
DEG09,2023,1.0,0,94613.0
DEG0A,2023,,0,71738.0
DEG0Q,2023,,1,120214.0
DEG0C,2023,1.0,2,135838.0
DEG0D,2023,,0,67693.0
DEG0E,2023,,0,59987.0
DEG0T,2023,,0,106657.0
DEG0G,2023,14.0,12,82392.0
DEG0V,2023,,0,54964.0
DEG0U,2023,,1,100105.0
DEG0J,2023,2.0,0,83342.0
DEG0K,2023,,0,77341.0
DEG0L,2023,,0,93707.0
DEG0M,2023,,2,87508.0
